{"form": [{"id": 1, "box": [247.0, 1319.0, 470.00000000000006, 565.0], "label": "Name", "words": [{"box": [247.0, 1319.0, 470.00000000000006, 565.0], "text": "Kamal Koushik Duppalapudi"}], "linking": []}, {"id": 2, "box": [658.0, 1071.0, 612.0000000000001, 654.0000000000001], "label": "Course", "words": [{"box": [658.0, 1071.0, 612.0000000000001, 654.0000000000001], "text": "Understanding Technology"}], "linking": []}, {"id": 3, "box": [699.0, 1016.0, 848.0, 886.0], "label": "Year-in-words", "words": [{"box": [699.0, 1016.0, 848.0, 886.0], "text": "two thousand twenty"}], "linking": []}, {"id": 4, "box": [661.0, 765.0, 1173.9999999999998, 1200.9999999999998], "label": "Harvard", "words": [{"box": [661.0, 765.0, 1173.9999999999998, 1200.9999999999998], "text": "Harvard"}], "linking": []}]}