{"form": [{"id": 1, "box": [298.5, 463.5, 373.5, 540.5], "label": "UC-logo", "words": [{"box": [298.5, 463.5, 373.5, 540.5], "text": "@"}], "linking": []}, {"id": 2, "box": [269.0, 489.0, 344.0, 358.0], "label": "Year-in-words", "words": [{"box": [269.0, 489.0, 344.0, 358.0], "text": "TWO THOUSAND AND TWENTY."}], "linking": []}, {"id": 3, "box": [269.0, 338.0, 322.50000000000006, 334.50000000000006], "label": "Day", "words": [{"box": [269.0, 338.0, 322.50000000000006, 334.50000000000006], "text": "TWELFTH"}], "linking": []}, {"id": 4, "box": [394.00000000000006, 433.00000000000006, 323.5, 337.5], "label": "Month", "words": [{"box": [394.00000000000006, 433.00000000000006, 323.5, 337.5], "text": "JUNE"}], "linking": []}, {"id": 5, "box": [317.0, 445.0, 180.49999999999997, 199.49999999999997], "label": "Name", "words": [{"box": [317.0, 445.0, 180.49999999999997, 199.49999999999997], "text": "OIXUAN ZHU"}], "linking": []}, {"id": 6, "box": [356.0, 516.0, 217.5, 230.5], "label": "Course", "words": [{"box": [356.0, 516.0, 217.5, 230.5], "text": "BACHELOR OF SCIENCE"}], "linking": []}, {"id": 7, "box": [159.0, 610.0, 47.5, 104.5], "label": "UC", "words": [{"box": [159.0, 610.0, 47.5, 104.5], "text": "\u2018University of California"}], "linking": []}]}