{"form": [{"id": 1, "box": [135.5, 566.5, 36.5, 97.5], "label": "UC", "words": [{"box": [135.5, 566.5, 36.5, 97.5], "text": "\u2018Llniversity of California"}], "linking": []}, {"id": 2, "box": [226.5, 473.5, 179.49999999999997, 197.49999999999997], "label": "Name", "words": [{"box": [226.5, 473.5, 179.49999999999997, 197.49999999999997], "text": "MUHAMMAD SAEED AHMAD"}], "linking": []}, {"id": 3, "box": [338.99999999999994, 462.99999999999994, 217.00000000000003, 230.00000000000003], "label": "Course", "words": [{"box": [338.99999999999994, 462.99999999999994, 217.00000000000003, 230.00000000000003], "text": "BACHELOR OF ARTS"}], "linking": []}, {"id": 4, "box": [255.5, 446.5, 327.5, 341.5], "label": "Year-in-words", "words": [{"box": [255.5, 446.5, 327.5, 341.5], "text": "TWO THOUSAND AND TWENTY"}], "linking": []}, {"id": 5, "box": [254.50000000000003, 314.5, 309.0, 321.0], "label": "Day", "words": [{"box": [254.50000000000003, 314.5, 309.0, 321.0], "text": "TWELFTH"}], "linking": []}, {"id": 6, "box": [286.0, 425.0, 357.5, 497.5], "label": "UC-logo", "words": [{"box": [286.0, 425.0, 357.5, 497.5], "text": "ey"}], "linking": []}, {"id": 7, "box": [363.5, 397.5, 308.5, 321.5], "label": "Month", "words": [{"box": [363.5, 397.5, 308.5, 321.5], "text": "JUNE"}], "linking": []}]}