{"form": [{"id": 1, "box": [106.00000000000001, 522.0, 44.49999999999999, 106.49999999999999], "label": "UC", "words": [{"box": [106.00000000000001, 522.0, 44.49999999999999, 106.49999999999999], "text": "\u201c[lniuersity of Cemmornia"}], "linking": []}, {"id": 2, "box": [233.99999999999997, 400.0, 187.0, 204.0], "label": "Name", "words": [{"box": [233.99999999999997, 400.0, 187.0, 204.0], "text": "RISHI SANJAY SHAH"}], "linking": []}, {"id": 3, "box": [299.5, 428.5, 220.0, 231.0], "label": "Course", "words": [{"box": [299.5, 428.5, 220.0, 231.0], "text": "BACHELOR OF SCIENCE"}], "linking": []}, {"id": 4, "box": [207.00000000000003, 282.0, 296.0, 307.0], "label": "Day", "words": [{"box": [207.00000000000003, 282.0, 296.0, 307.0], "text": "RIGHTEENTH"}], "linking": []}, {"id": 5, "box": [326.0, 387.0, 294.0, 304.0], "label": "Month", "words": [{"box": [326.0, 387.0, 294.0, 304.0], "text": "DECEMBER"}], "linking": []}, {"id": 6, "box": [233.99999999999997, 401.0, 310.5, 323.5], "label": "Year-in-words", "words": [{"box": [233.99999999999997, 401.0, 310.5, 323.5], "text": "TWO THOUSAND AND TWENTY"}], "linking": []}, {"id": 7, "box": [261.0, 381.0, 341.00000000000006, 457.00000000000006], "label": "UC-logo", "words": [{"box": [261.0, 381.0, 341.00000000000006, 457.00000000000006], "text": "@"}], "linking": []}]}