{"form": [{"id": 1, "box": [1184.0, 1420.0, 87.0, 137.0], "label": "Harvard", "words": [{"box": [1184.0, 1420.0, 87.0, 137.0], "text": "Harvard"}], "linking": []}, {"id": 2, "box": [89.0, 329.0, 317.0, 355.0], "label": "Name", "words": [{"box": [89.0, 329.0, 317.0, 355.0], "text": "Nikhil kumar"}], "linking": []}, {"id": 3, "box": [198.00000000000003, 760.0, 439.0, 470.0], "label": "Course", "words": [{"box": [198.00000000000003, 760.0, 439.0, 470.0], "text": "Entrepreneurship in Emerging Economies"}], "linking": []}, {"id": 4, "box": [259.0, 369.0, 694.0, 709.0], "label": "Date", "words": [{"box": [259.0, 369.0, 694.0, 709.0], "text": "December 2, 2021"}], "linking": []}, {"id": 5, "box": [1321.0, 1367.0, 329.0, 341.0], "label": "Harvard", "words": [{"box": [1321.0, 1367.0, 329.0, 341.0], "text": "Harvard"}], "linking": []}]}