{"form": [{"id": 1, "box": [151.5, 382.5, 40.0, 126.0], "label": "Pennsylvania-logo", "words": [{"box": [151.5, 382.5, 40.0, 126.0], "text": "Penn"}], "linking": []}, {"id": 2, "box": [47.5, 143.5, 39.0, 143.0], "label": "Pennsylvania-logo", "words": [{"box": [47.5, 143.5, 39.0, 143.0], "text": "2"}], "linking": []}, {"id": 3, "box": [269.0, 381.0, 131.0, 147.0], "label": "Pennsylvania", "words": [{"box": [269.0, 381.0, 131.0, 147.0], "text": "PENNSYLVANIA"}], "linking": []}, {"id": 4, "box": [46.999999999999986, 554.9999999999999, 292.5, 364.5], "label": "Name", "words": [{"box": [46.999999999999986, 554.9999999999999, 292.5, 364.5], "text": "eetes nifileacoa"}], "linking": []}, {"id": 5, "box": [45.5, 138.5, 246.0, 261.0], "label": "Date", "words": [{"box": [45.5, 138.5, 246.0, 261.0], "text": "Apr 11, 2022"}], "linking": []}, {"id": 6, "box": [47.00000000000001, 423.0, 443.50000000000006, 469.50000000000006], "label": "Course", "words": [{"box": [47.00000000000001, 423.0, 443.50000000000006, 469.50000000000006], "text": "Privacy Law and Data Protection"}], "linking": []}, {"id": 7, "box": [420.4999999999999, 509.4999999999999, 496.99999999999994, 514.0], "label": "Pennsylvania", "words": [{"box": [420.4999999999999, 509.4999999999999, 496.99999999999994, 514.0], "text": "Pennsylvania"}], "linking": []}]}