{"form": [{"id": 1, "box": [97.50000000000001, 497.5, 42.5, 63.5], "label": "UC", "words": [{"box": [97.50000000000001, 497.5, 42.5, 63.5], "text": "UNIVERSITY OF CALIFORNIA"}], "linking": []}, {"id": 2, "box": [66.49999999999999, 209.5, 381.5, 524.5], "label": "UC-logo", "words": [{"box": [66.49999999999999, 209.5, 381.5, 524.5], "text": "&"}], "linking": []}, {"id": 3, "box": [244.49999999999997, 436.5, 272.5, 305.5], "label": "Name", "words": [{"box": [244.49999999999997, 436.5, 272.5, 305.5], "text": "Fatima Alleyne"}], "linking": []}, {"id": 4, "box": [322.0, 398.0, 338.99999999999994, 351.99999999999994], "label": "Day", "words": [{"box": [322.0, 398.0, 338.99999999999994, 351.99999999999994], "text": "FIFTEENTH"}], "linking": []}, {"id": 5, "box": [453.0, 485.0, 338.99999999999994, 352.99999999999994], "label": "Month", "words": [{"box": [453.0, 485.0, 338.99999999999994, 352.99999999999994], "text": "JULY"}], "linking": []}, {"id": 6, "box": [299.0, 515.0, 361.0, 376.0], "label": "Year-in-words", "words": [{"box": [299.0, 515.0, 361.0, 376.0], "text": "TWO THOUSAND TWENTY-TWO"}], "linking": []}, {"id": 7, "box": [162.5, 629.5, 145.5, 179.5], "label": "Course", "words": [{"box": [162.5, 629.5, 145.5, 179.5], "text": "Executive Leadership Academy"}], "linking": []}, {"id": 8, "box": [440.99999999999994, 478.99999999999994, 215.0, 230.0], "label": "Year", "words": [{"box": [440.99999999999994, 478.99999999999994, 215.0, 230.0], "text": "2022"}], "linking": []}, {"id": 9, "box": [316.785, 348.09499999999997, 214.415, 233.205], "label": "Month", "words": [{"box": [316.785, 348.09499999999997, 214.415, 233.205], "text": "July"}], "linking": []}]}