{"form": [{"id": 1, "box": [366.0, 426.0, 10.999999999999995, 77.0], "label": "Pennsylvania-logo", "words": [{"box": [366.0, 426.0, 10.999999999999995, 77.0], "text": "\u2018"}], "linking": []}, {"id": 2, "box": [397.0, 595.0, 95.5, 133.5], "label": "Pennsylvania", "words": [{"box": [397.0, 595.0, 95.5, 133.5], "text": "Pennsylvania"}], "linking": []}, {"id": 3, "box": [313.49999999999994, 737.5, 210.5, 235.5], "label": "Course", "words": [{"box": [313.49999999999994, 737.5, 210.5, 235.5], "text": "SOCIAL IMPACT STRATEGY"}], "linking": []}, {"id": 4, "box": [269.5, 521.5, 300.0, 350.0], "label": "Name", "words": [{"box": [269.5, 521.5, 300.0, 350.0], "text": "Sudha Myers"}], "linking": []}, {"id": 5, "box": [101.00000000000001, 124.00000000000001, 510.49999999999994, 535.4999999999999], "label": "Pennsylvania-logo", "words": [{"box": [101.00000000000001, 124.00000000000001, 510.49999999999994, 535.4999999999999], "text": "oe"}], "linking": []}, {"id": 6, "box": [124.99999999999999, 190.0, 511.0, 535.0], "label": "Pennsylvania-logo", "words": [{"box": [124.99999999999999, 190.0, 511.0, 535.0], "text": "Penn"}], "linking": []}]}