{"form": [{"id": 1, "box": [679.0, 849.0, 49.0, 113.0], "label": "Pennsylvania-logo", "words": [{"box": [679.0, 849.0, 49.0, 113.0], "text": "Penn"}], "linking": []}, {"id": 2, "box": [765.5, 848.5, 116.5, 127.5], "label": "Pennsylvania", "words": [{"box": [765.5, 848.5, 116.5, 127.5], "text": "PENNSYLVANIA"}], "linking": []}, {"id": 3, "box": [603.5000000000001, 672.5000000000001, 49.49999999999999, 127.5], "label": "Pennsylvania-logo", "words": [{"box": [603.5000000000001, 672.5000000000001, 49.49999999999999, 127.5], "text": "&"}], "linking": []}, {"id": 4, "box": [705.5, 760.5, 266.5, 276.5], "label": "Pennsylvania", "words": [{"box": [705.5, 760.5, 266.5, 276.5], "text": "Pennsyivenia"}], "linking": []}, {"id": 5, "box": [50.50000000000001, 241.5, 237.0, 266.0], "label": "Name", "words": [{"box": [50.50000000000001, 241.5, 237.0, 266.0], "text": "Selena Scola"}], "linking": []}, {"id": 6, "box": [171.0, 565.0, 329.0, 352.0], "label": "Course", "words": [{"box": [171.0, 565.0, 329.0, 352.0], "text": "Corporate Social Responsibility (CSR)"}], "linking": []}, {"id": 7, "box": [138.5, 225.5, 422.00000000000006, 437.00000000000006], "label": "Pennsylvania", "words": [{"box": [138.5, 225.5, 422.00000000000006, 437.00000000000006], "text": "Pennsylvania"}], "linking": []}, {"id": 8, "box": [214.5, 278.5, 562.5, 573.5], "label": "Date", "words": [{"box": [214.5, 278.5, 562.5, 573.5], "text": "April 15, 2018"}], "linking": []}, {"id": 9, "box": [712.0, 760.0, 296.5, 316.5], "label": "Pennsylvania-logo", "words": [{"box": [712.0, 760.0, 296.5, 316.5], "text": "Penn"}], "linking": []}, {"id": 10, "box": [693.5, 711.5, 296.00000000000006, 316.00000000000006], "label": "Pennsylvania-logo", "words": [{"box": [693.5, 711.5, 296.00000000000006, 316.00000000000006], "text": "Es"}], "linking": []}]}