{"form": [{"id": 1, "box": [62.0, 240.0, 14.999999999999998, 44.0], "label": "Harvard", "words": [{"box": [62.0, 240.0, 14.999999999999998, 44.0], "text": "HARVARD"}], "linking": []}, {"id": 2, "box": [36.99999999999999, 100.0, 76.00000000000001, 151.0], "label": "Harvard-logo", "words": [{"box": [36.99999999999999, 100.0, 76.00000000000001, 151.0], "text": "a"}], "linking": []}, {"id": 3, "box": [304.0, 348.0, 78.0, 89.0], "label": "Harvard", "words": [{"box": [304.0, 348.0, 78.0, 89.0], "text": "Harvard"}], "linking": []}, {"id": 4, "box": [111.99999999999996, 439.0, 147.0, 158.0], "label": "Name", "words": [{"box": [111.99999999999996, 439.0, 147.0, 158.0], "text": "CHRISTIAN ALEXANDER CARLSON HERWIIZ"}], "linking": []}, {"id": 5, "box": [188.99999999999997, 319.0, 165.0, 176.0], "label": "Course", "words": [{"box": [188.99999999999997, 319.0, 165.0, 176.0], "text": "Bachelor of Liberal Arts"}], "linking": []}, {"id": 6, "box": [301.0, 327.0, 209.0, 224.0], "label": "Month", "words": [{"box": [301.0, 327.0, 209.0, 224.0], "text": "June"}], "linking": []}, {"id": 7, "box": [233.99999999999997, 266.0, 209.0, 224.0], "label": "Day", "words": [{"box": [233.99999999999997, 266.0, 209.0, 224.0], "text": "fourth"}], "linking": []}, {"id": 8, "box": [449.99999999999994, 466.99999999999994, 211.0, 221.0], "label": "Day", "words": [{"box": [449.99999999999994, 466.99999999999994, 211.0, 221.0], "text": "hi"}], "linking": []}, {"id": 9, "box": [53.00000000000001, 145.0, 229.0, 240.0], "label": "Year-in-words", "words": [{"box": [53.00000000000001, 145.0, 229.0, 240.0], "text": "thousand and nine"}], "linking": []}, {"id": 10, "box": [183.00000000000003, 225.00000000000003, 228.0, 240.0], "label": "Harvard", "words": [{"box": [183.00000000000003, 225.00000000000003, 228.0, 240.0], "text": "Harvard"}], "linking": []}]}