{"form": [{"id": 1, "box": [150.0, 546.0, 39.50000000000001, 90.50000000000001], "label": "UC", "words": [{"box": [150.0, 546.0, 39.50000000000001, 90.50000000000001], "text": "\u2018Llniversity of California"}], "linking": []}, {"id": 2, "box": [188.5, 507.5, 163.0, 180.0], "label": "Name", "words": [{"box": [188.5, 507.5, 163.0, 180.0], "text": "JOSE ANTONIO FLORES VELAZQUEZ"}], "linking": []}, {"id": 3, "box": [336.5, 457.5, 195.0, 205.0], "label": "Course", "words": [{"box": [336.5, 457.5, 195.0, 205.0], "text": "MASTER OF SCIENCE"}], "linking": []}, {"id": 4, "box": [243.50000000000003, 326.5, 270.5, 281.5], "label": "Day", "words": [{"box": [243.50000000000003, 326.5, 270.5, 281.5], "text": "FOURTEENTH"}], "linking": []}, {"id": 5, "box": [374.0, 407.0, 270.5, 283.5], "label": "Month", "words": [{"box": [374.0, 407.0, 270.5, 283.5], "text": "JUNE"}], "linking": []}, {"id": 6, "box": [279.50000000000006, 446.50000000000006, 288.5, 300.5], "label": "Year-in-words", "words": [{"box": [279.50000000000006, 446.50000000000006, 288.5, 300.5], "text": "THOUSAND AND NINETEEN"}], "linking": []}, {"id": 7, "box": [279.0, 419.0, 320.5, 463.5], "label": "UC-logo", "words": [{"box": [279.0, 419.0, 320.5, 463.5], "text": "@"}], "linking": []}]}