{"form": [{"id": 1, "box": [280.0, 640.0, 55.0, 103.0], "label": "Harvard", "words": [{"box": [280.0, 640.0, 55.0, 103.0], "text": "HARVARD"}], "linking": []}, {"id": 2, "box": [622.0, 779.0, 222.0, 403.0], "label": "Harvard-logo", "words": [{"box": [622.0, 779.0, 222.0, 403.0], "text": "om"}], "linking": []}, {"id": 3, "box": [372.0, 1041.0, 534.0, 599.0], "label": "Name", "words": [{"box": [372.0, 1041.0, 534.0, 599.0], "text": "Robelyn Annette Garcia"}], "linking": []}, {"id": 4, "box": [545.9999999999999, 855.9999999999999, 684.0, 723.0], "label": "Course", "words": [{"box": [545.9999999999999, 855.9999999999999, 684.0, 723.0], "text": "Web Technologies"}], "linking": []}, {"id": 5, "box": [629.0, 775.0, 810.0, 838.0], "label": "Date", "words": [{"box": [629.0, 775.0, 810.0, 838.0], "text": "May 26, 2020"}], "linking": []}, {"id": 6, "box": [76.00000000000001, 258.0, 736.0, 945.0], "label": "Harvard-logo", "words": [{"box": [76.00000000000001, 258.0, 736.0, 945.0], "text": "OO"}], "linking": []}, {"id": 7, "box": [1026.0, 1099.0, 970.9999999999999, 986.9999999999999], "label": "Harvard", "words": [{"box": [1026.0, 1099.0, 970.9999999999999, 986.9999999999999], "text": "Harvard"}], "linking": []}]}