{"form": [{"id": 1, "box": [272.0, 634.0, 32.00000000000001, 86.0], "label": "Harvard", "words": [{"box": [272.0, 634.0, 32.00000000000001, 86.0], "text": "HARVARD"}], "linking": []}, {"id": 2, "box": [613.0000000000001, 770.0000000000001, 199.00000000000003, 382.0], "label": "Harvard-logo", "words": [{"box": [613.0000000000001, 770.0000000000001, 199.00000000000003, 382.0], "text": "om"}], "linking": []}, {"id": 3, "box": [361.99999999999994, 1033.0, 512.0, 579.0], "label": "Name", "words": [{"box": [361.99999999999994, 1033.0, 512.0, 579.0], "text": "Robelyn Annette Garcia"}], "linking": []}, {"id": 4, "box": [539.0, 845.0, 660.0, 706.0], "label": "Course", "words": [{"box": [539.0, 845.0, 660.0, 706.0], "text": "Web Technologies"}], "linking": []}, {"id": 5, "box": [621.0, 765.0, 786.0000000000001, 818.0000000000001], "label": "Date", "words": [{"box": [621.0, 765.0, 786.0000000000001, 818.0000000000001], "text": "May 26, 2020"}], "linking": []}, {"id": 6, "box": [69.0, 249.0, 714.0, 923.0], "label": "Harvard-logo", "words": [{"box": [69.0, 249.0, 714.0, 923.0], "text": "ee"}], "linking": []}, {"id": 7, "box": [1016.0000000000002, 1090.0000000000002, 951.0, 966.0], "label": "Harvard", "words": [{"box": [1016.0000000000002, 1090.0000000000002, 951.0, 966.0], "text": "Harvard"}], "linking": []}]}