{"form": [{"id": 1, "box": [354.99999999999994, 595.0, 251.00000000000003, 291.0], "label": "Harvard", "words": [{"box": [354.99999999999994, 595.0, 251.00000000000003, 291.0], "text": "HARVARD"}], "linking": []}, {"id": 2, "box": [273.0, 345.0, 238.00000000000006, 325.00000000000006], "label": "Harvard-logo", "words": [{"box": [273.0, 345.0, 238.00000000000006, 325.00000000000006], "text": "ae"}], "linking": []}, {"id": 3, "box": [421.0, 778.0, 506.00000000000006, 548.0], "label": "Name", "words": [{"box": [421.0, 778.0, 506.00000000000006, 548.0], "text": "(Bobu the Bean Gauer"}], "linking": []}, {"id": 4, "box": [544.0, 574.0, 617.0, 638.0], "label": "Day", "words": [{"box": [544.0, 574.0, 617.0, 638.0], "text": "fifth"}], "linking": []}, {"id": 5, "box": [616.0, 649.0, 617.9999999999999, 636.9999999999999], "label": "Month", "words": [{"box": [616.0, 649.0, 617.9999999999999, 636.9999999999999], "text": "June"}], "linking": []}, {"id": 6, "box": [309.0, 527.0, 648.0, 667.0], "label": "Year-in-words", "words": [{"box": [309.0, 527.0, 648.0, 667.0], "text": "nineteen hundred and ninety-seven"}], "linking": []}, {"id": 7, "box": [682.0, 752.0, 370.00000000000006, 385.00000000000006], "label": "Harvard", "words": [{"box": [682.0, 752.0, 370.00000000000006, 385.00000000000006], "text": "HARVARD"}], "linking": []}, {"id": 8, "box": [574.0, 629.0, 650.0, 664.0], "label": "Harvard", "words": [{"box": [574.0, 629.0, 650.0, 664.0], "text": "Harvard"}], "linking": []}, {"id": 9, "box": [571.1, 630.12, 94.78500000000004, 165.63500000000002], "label": "Harvard-logo", "words": [{"box": [571.1, 630.12, 94.78500000000004, 165.63500000000002], "text": "cy"}], "linking": []}]}