{"form": [{"id": 1, "box": [239.0, 381.0, 118.0, 149.0], "label": "Harvard", "words": [{"box": [239.0, 381.0, 118.0, 149.0], "text": "Harvard"}], "linking": []}, {"id": 2, "box": [132.0, 218.0, 116.0, 218.0], "label": "Harvard-logo", "words": [{"box": [132.0, 218.0, 116.0, 218.0], "text": "s4"}], "linking": []}, {"id": 3, "box": [432.0, 698.0, 356.0, 385.0], "label": "Name", "words": [{"box": [432.0, 698.0, 356.0, 385.0], "text": "Abraham Khoureis"}], "linking": []}, {"id": 4, "box": [275.0, 360.0, 536.0, 558.0], "label": "Harvard", "words": [{"box": [275.0, 360.0, 536.0, 558.0], "text": "Harvard"}], "linking": []}, {"id": 5, "box": [297.0, 832.0, 616.0, 644.0], "label": "Course", "words": [{"box": [297.0, 832.0, 616.0, 644.0], "text": "ENTREPRENEURSHIP ESSENTIALS"}], "linking": []}, {"id": 6, "box": [329.0, 464.0, 981.0, 995.0], "label": "Date", "words": [{"box": [329.0, 464.0, 981.0, 995.0], "text": "FEBRUARY 19. 2020"}], "linking": []}, {"id": 7, "box": [139.175, 188.04500000000002, 1115.3949999999998, 1129.2649999999996], "label": "Harvard", "words": [{"box": [139.175, 188.04500000000002, 1115.3949999999998, 1129.2649999999996], "text": "Harvard"}], "linking": []}]}