{"form": [{"id": 1, "box": [925.5, 1083.5, 46.0, 104.0], "label": "Pennsylvania-logo", "words": [{"box": [925.5, 1083.5, 46.0, 104.0], "text": "Penn"}], "linking": []}, {"id": 2, "box": [854.5, 918.5, 44.49999999999999, 116.5], "label": "Pennsylvania-logo", "words": [{"box": [854.5, 918.5, 44.49999999999999, 116.5], "text": "2"}], "linking": []}, {"id": 3, "box": [1006.0, 1083.0, 107.0, 117.0], "label": "Pennsylvania", "words": [{"box": [1006.0, 1083.0, 107.0, 117.0], "text": "PENNSYLVANIA"}], "linking": []}, {"id": 4, "box": [43.27499999999996, 552.465, 251.21, 291.25], "label": "Name", "words": [{"box": [43.27499999999996, 552.465, 251.21, 291.25], "text": "ISHAAN RUCHIR PATEL"}], "linking": []}, {"id": 5, "box": [41.25, 545.1099999999999, 422.875, 495.54499999999996], "label": "Course", "words": [{"box": [41.25, 545.1099999999999, 422.875, 495.54499999999996], "text": "a ie ee ata"}], "linking": []}, {"id": 6, "box": [194.0, 216.0, 817.5, 830.5], "label": "Month", "words": [{"box": [194.0, 216.0, 817.5, 830.5], "text": "July"}], "linking": []}, {"id": 7, "box": [220.5, 244.5, 817.9999999999999, 827.9999999999999], "label": "Year", "words": [{"box": [220.5, 244.5, 817.9999999999999, 827.9999999999999], "text": "2027"}], "linking": []}, {"id": 8, "box": [1012.0, 1083.0, 741.5, 753.5], "label": "Pennsylvania", "words": [{"box": [1012.0, 1083.0, 741.5, 753.5], "text": "rennsyvivanla"}], "linking": []}, {"id": 9, "box": [1012.4999999999999, 1082.5, 592.5, 604.5], "label": "Pennsylvania", "words": [{"box": [1012.4999999999999, 1082.5, 592.5, 604.5], "text": "Pennsyivania"}], "linking": []}, {"id": 10, "box": [1012.4999999999999, 1082.5, 442.49999999999994, 454.49999999999994], "label": "Pennsylvania", "words": [{"box": [1012.4999999999999, 1082.5, 442.49999999999994, 454.49999999999994], "text": "Pennsylvania"}], "linking": []}, {"id": 11, "box": [1012.4999999999999, 1082.5, 293.5, 305.5], "label": "Pennsylvania", "words": [{"box": [1012.4999999999999, 1082.5, 293.5, 305.5], "text": "Pennsylvania"}], "linking": []}]}