{"form": [{"id": 1, "box": [152.49999999999997, 334.5, 62.49999999999999, 130.5], "label": "Pennsylvania-logo", "words": [{"box": [152.49999999999997, 334.5, 62.49999999999999, 130.5], "text": "Penn"}], "linking": []}, {"id": 2, "box": [71.0, 146.0, 62.5, 144.5], "label": "Pennsylvania-logo", "words": [{"box": [71.0, 146.0, 62.5, 144.5], "text": "rs"}], "linking": []}, {"id": 3, "box": [245.5, 333.5, 134.0, 145.0], "label": "Pennsylvania", "words": [{"box": [245.5, 333.5, 134.0, 145.0], "text": "PENNSYLVANIA"}], "linking": []}, {"id": 4, "box": [69.5, 133.5, 218.00000000000003, 232.00000000000003], "label": "Date", "words": [{"box": [69.5, 133.5, 218.00000000000003, 232.00000000000003], "text": "07/23/2019"}], "linking": []}, {"id": 5, "box": [71.00000000000001, 367.0, 252.0, 278.0], "label": "Name", "words": [{"box": [71.00000000000001, 367.0, 252.0, 278.0], "text": "KHALED KOUBAA"}], "linking": []}, {"id": 6, "box": [70.0, 376.0, 335.00000000000006, 354.00000000000006], "label": "Course", "words": [{"box": [70.0, 376.0, 335.00000000000006, 354.00000000000006], "text": "Privacy Law and Data Protection"}], "linking": []}, {"id": 7, "box": [348.0, 414.0, 368.5, 381.5], "label": "Pennsylvania", "words": [{"box": [348.0, 414.0, 368.5, 381.5], "text": "Pennsylvania"}], "linking": []}]}