{"form": [{"id": 1, "box": [280.94999999999993, 393.68999999999994, 81.875, 141.845], "label": "MIT-logo", "words": [{"box": [280.94999999999993, 393.68999999999994, 81.875, 141.845], "text": "Ui"}], "linking": []}, {"id": 2, "box": [202.38000000000002, 621.5, 180.94, 202.5], "label": "MIT", "words": [{"box": [202.38000000000002, 621.5, 180.94, 202.5], "text": "Massachusetts Institute of Technology"}], "linking": []}, {"id": 3, "box": [254.71, 565.49, 255.89499999999998, 288.58500000000004], "label": "Name", "words": [{"box": [254.71, 565.49, 255.89499999999998, 288.58500000000004], "text": "Jessica Rose Morley"}], "linking": []}, {"id": 4, "box": [224.01, 599.09, 333.32, 347.04], "label": "Course", "words": [{"box": [224.01, 599.09, 333.32, 347.04], "text": "MIT Fintech: Future Commerce online course"}], "linking": []}, {"id": 5, "box": [418.775, 566.425, 363.495, 374.28499999999997], "label": "MIT", "words": [{"box": [418.775, 566.425, 363.495, 374.28499999999997], "text": "Massochusets Insotute of Technology"}], "linking": []}]}