{"form": [{"id": 1, "box": [153.0, 235.0, 87.00000000000001, 180.0], "label": "Harvard-logo", "words": [{"box": [153.0, 235.0, 87.00000000000001, 180.0], "text": "A,"}], "linking": []}, {"id": 2, "box": [257.0, 519.0, 90.0, 131.0], "label": "Harvard", "words": [{"box": [257.0, 519.0, 90.0, 131.0], "text": "HARVARD"}], "linking": []}, {"id": 3, "box": [123.99999999999996, 998.0, 298.0, 346.0], "label": "Name", "words": [{"box": [123.99999999999996, 998.0, 298.0, 346.0], "text": "Rachelle Ann Benito Salvadora"}], "linking": []}, {"id": 4, "box": [319.0, 781.0, 414.0, 444.0], "label": "Course", "words": [{"box": [319.0, 781.0, 414.0, 444.0], "text": "CS50 Introduction to Computer Science"}], "linking": []}, {"id": 5, "box": [494.0, 555.0, 449.00000000000006, 463.00000000000006], "label": "Harvard", "words": [{"box": [494.0, 555.0, 449.00000000000006, 463.00000000000006], "text": "Harvard"}], "linking": []}, {"id": 6, "box": [461.0, 606.0, 530.9999999999999, 557.9999999999999], "label": "Harvard", "words": [{"box": [461.0, 606.0, 530.9999999999999, 557.9999999999999], "text": "Harvard"}], "linking": []}, {"id": 7, "box": [489.0, 531.0, 571.0000000000001, 588.0000000000001], "label": "Season", "words": [{"box": [489.0, 531.0, 571.0000000000001, 588.0000000000001], "text": "Spring"}], "linking": []}, {"id": 8, "box": [573.0, 604.0, 572.0000000000001, 583.0000000000001], "label": "Year", "words": [{"box": [573.0, 604.0, 572.0000000000001, 583.0000000000001], "text": "SOLA"}], "linking": []}, {"id": 9, "box": [325.0, 372.0, 714.0, 725.0], "label": "Harvard", "words": [{"box": [325.0, 372.0, 714.0, 725.0], "text": "Harvard"}], "linking": []}, {"id": 10, "box": [727.9999999999999, 774.9999999999999, 698.0, 708.0], "label": "Harvard", "words": [{"box": [727.9999999999999, 774.9999999999999, 698.0, 708.0], "text": "Harvara"}], "linking": []}]}