{
    "form": [
        {
            "id": 1,
            "box": [
                47.541692213366034,
                52.43991416309014,
                10.035159443990187,
                14.051512673753066
            ],
            "label": "UniversityLogo",
            "words": [
                {
                    "box": [
                        47.541692213366034,
                        52.43991416309014,
                        10.035159443990187,
                        14.051512673753066
                    ],
                    "text": "a,"
                }
            ],
            "linking": []
        },
        {
            "id": 2,
            "box": [
                29.35193133047211,
                87.749233599019,
                19.62551103843009,
                25.772690106295997
            ],
            "label": "UniversityName",
            "words": [
                {
                    "box": [
                        29.35193133047211,
                        87.749233599019,
                        19.62551103843009,
                        25.772690106295997
                    ],
                    "text": "_ \u2014<| se"
                }
            ],
            "linking": []
        },
        {
            "id": 3,
            "box": [
                44.90343347639485,
                72.83169834457388,
                35.47424366312347,
                40.08258381030254
            ],
            "label": "ParticipantName",
            "words": [
                {
                    "box": [
                        44.90343347639485,
                        72.83169834457388,
                        35.47424366312347,
                        40.08258381030254
                    ],
                    "text": "ic 2a"
                }
            ],
            "linking": []
        },
        {
            "id": 4,
            "box": [
                53.91293684855917,
                63.78050275904354,
                41.14799672935405,
                54.174979558462795
            ],
            "label": "UniversityLogo",
            "words": [
                {
                    "box": [
                        53.91293684855917,
                        63.78050275904354,
                        41.14799672935405,
                        54.174979558462795
                    ],
                    "text": "\u2018."
                }
            ],
            "linking": []
        },
        {
            "id": 5,
            "box": [
                38.85499693439607,
                78.61771919068056,
                60.282502044153716,
                64.22608340147178
            ],
            "label": "CertificateCourse",
            "words": [
                {
                    "box": [
                        38.85499693439607,
                        78.61771919068056,
                        60.282502044153716,
                        64.22608340147178
                    ],
                    "text": "\u2014 _ oa ee"
                }
            ],
            "linking": []
        },
        {
            "id": 6,
            "box": [
                55.950337216431635,
                72.47026364193746,
                64.83524121013899,
                67.62591986917415
            ],
            "label": "Date",
            "words": [
                {
                    "box": [
                        55.950337216431635,
                        72.47026364193746,
                        64.83524121013899,
                        67.62591986917415
                    ],
                    "text": "| ="
                }
            ],
            "linking": []
        },
        {
            "id": 7,
            "box": [
                45.263028816676886,
                52.31391784181484,
                64.8192968111202,
                67.14472608340148
            ],
            "label": "Month",
            "words": [
                {
                    "box": [
                        45.263028816676886,
                        52.31391784181484,
                        64.8192968111202,
                        67.14472608340148
                    ],
                    "text": ".\u2014l Oe"
                }
            ],
            "linking": []
        }
    ]
}