{
    "form": [
        {
            "id": 1,
            "box": [
                775.405,
                855.2950000000001,
                122.72999999999999,
                171.85
            ],
            "label": "MIT-logo",
            "words": [
                {
                    "box": [
                        775.405,
                        855.2950000000001,
                        122.72999999999999,
                        171.85
                    ]
                }
            ],
            "linking": []
        },
        {
            "id": 2,
            "box": [
                478.7300000000001,
                1431.19,
                240.02,
                315.20000000000005
            ],
            "label": "MIT",
            "words": [
                {
                    "box": [
                        478.7300000000001,
                        1431.19,
                        240.02,
                        315.20000000000005
                    ]
                }
            ],
            "linking": []
        },
        {
            "id": 3,
            "box": [
                732.375,
                1187.885,
                433.85,
                490.21000000000004
            ],
            "label": "Name",
            "words": [
                {
                    "box": [
                        732.375,
                        1187.885,
                        433.85,
                        490.21000000000004
                    ]
                }
            ],
            "linking": []
        },
        {
            "id": 4,
            "box": [
                879.32,
                1040.2600000000002,
                503.24,
                662.56
            ],
            "label": "MIT-logo",
            "words": [
                {
                    "box": [
                        879.32,
                        1040.2600000000002,
                        503.24,
                        662.56
                    ]
                }
            ],
            "linking": []
        },
        {
            "id": 5,
            "box": [
                633.7249999999999,
                1282.2549999999999,
                737.255,
                785.485
            ],
            "label": "Course",
            "words": [
                {
                    "box": [
                        633.7249999999999,
                        1282.2549999999999,
                        737.255,
                        785.485
                    ]
                }
            ],
            "linking": []
        },
        {
            "id": 6,
            "box": [
                912.55,
                1181.99,
                792.935,
                827.065
            ],
            "label": "Date",
            "words": [
                {
                    "box": [
                        912.55,
                        1181.99,
                        792.935,
                        827.065
                    ]
                }
            ],
            "linking": []
        },
        {
            "id": 7,
            "box": [
                738.24,
                853.24,
                792.74,
                821.1800000000001
            ],
            "label": "Month",
            "words": [
                {
                    "box": [
                        738.24,
                        853.24,
                        792.74,
                        821.1800000000001
                    ]
                }
            ],
            "linking": []
        }
    ]
}