{"form": [{"id": 1, "box": [655.5, 752.5, 47.5, 86.5], "label": "Pennsylvania-logo", "words": [{"box": [655.5, 752.5, 47.5, 86.5]}], "linking": []}, {"id": 2, "box": [609.5, 652.5, 46.5, 94.5], "label": "Pennsylvania-logo", "words": [{"box": [609.5, 652.5, 46.5, 94.5]}], "linking": []}, {"id": 3, "box": [705.0, 753.0, 89.0, 96.0], "label": "Pennsylvania", "words": [{"box": [705.0, 753.0, 89.0, 96.0]}], "linking": []}, {"id": 4, "box": [713.5, 752.5, 191.5, 198.5], "label": "Pennsylvania", "words": [{"box": [713.5, 752.5, 191.5, 198.5]}], "linking": []}, {"id": 5, "box": [714.0, 753.0, 279.99999999999994, 286.99999999999994], "label": "Pennsylvania", "words": [{"box": [714.0, 753.0, 279.99999999999994, 286.99999999999994]}], "linking": []}, {"id": 6, "box": [713.5, 752.5, 367.0, 375.0], "label": "Pennsylvania", "words": [{"box": [713.5, 752.5, 367.0, 375.0]}], "linking": []}, {"id": 7, "box": [714.0, 752.0, 446.49999999999994, 454.49999999999994], "label": "Pennsylvania", "words": [{"box": [714.0, 752.0, 446.49999999999994, 454.49999999999994]}], "linking": []}, {"id": 8, "box": [148.0, 176.0, 504.0, 512.0], "label": "Month", "words": [{"box": [148.0, 176.0, 504.0, 512.0]}], "linking": []}, {"id": 9, "box": [176.5, 192.5, 504.50000000000006, 510.50000000000006], "label": "Year", "words": [{"box": [176.5, 192.5, 504.50000000000006, 510.50000000000006]}], "linking": []}, {"id": 10, "box": [46.99999999999997, 442.0, 222.5, 237.5], "label": "Course", "words": [{"box": [46.99999999999997, 442.0, 222.5, 237.5]}], "linking": []}, {"id": 11, "box": [47.0, 212.0, 160.5, 182.5], "label": "Name", "words": [{"box": [47.0, 212.0, 160.5, 182.5]}], "linking": []}]}