{"form": [{"id": 1, "box": [192.50000000000003, 623.5, 79.99999999999999, 108.99999999999999], "label": "Caltech", "words": [{"box": [192.50000000000003, 623.5, 79.99999999999999, 108.99999999999999]}], "linking": []}, {"id": 2, "box": [96.0, 694.0, 209.5, 245.5], "label": "Name", "words": [{"box": [96.0, 694.0, 209.5, 245.5]}], "linking": []}, {"id": 3, "box": [259.0, 559.0, 314.0, 375.0], "label": "Course", "words": [{"box": [259.0, 559.0, 314.0, 375.0]}], "linking": []}, {"id": 4, "box": [60.999999999999986, 192.0, 502.50000000000006, 535.5], "label": "Caltech-logo", "words": [{"box": [60.999999999999986, 192.0, 502.50000000000006, 535.5]}], "linking": []}, {"id": 5, "box": [522.5, 604.5, 532.5, 541.5], "label": "Date", "words": [{"box": [522.5, 604.5, 532.5, 541.5]}], "linking": []}, {"id": 6, "box": [523.5, 662.5, 522.0, 532.0], "label": "Caltech", "words": [{"box": [523.5, 662.5, 522.0, 532.0]}], "linking": []}]}