{"form": [{"id": 1, "box": [238.00000000000003, 852.0, 389.0, 480.0], "label": "Name", "words": [{"box": [238.00000000000003, 852.0, 389.0, 480.0]}], "linking": []}, {"id": 2, "box": [455.99999999999994, 756.0, 695.0, 721.0], "label": "Year-in-words", "words": [{"box": [455.99999999999994, 756.0, 695.0, 721.0]}], "linking": []}, {"id": 3, "box": [455.99999999999994, 537.0, 944.0, 966.0], "label": "Harvard", "words": [{"box": [455.99999999999994, 537.0, 944.0, 966.0]}], "linking": []}, {"id": 4, "box": [610.0, 684.0, 514.0, 539.0], "label": "Course", "words": [{"box": [610.0, 684.0, 514.0, 539.0]}], "linking": []}]}