{"form": [{"id": 1, "box": [853.0, 1066.0, 69.0, 149.0], "label": "Pennsylvania-logo", "words": [{"box": [853.0, 1066.0, 69.0, 149.0]}], "linking": []}, {"id": 2, "box": [758.35, 844.65, 69.63499999999998, 166.505], "label": "Pennsylvania-logo", "words": [{"box": [758.35, 844.65, 69.63499999999998, 166.505]}], "linking": []}, {"id": 3, "box": [961.0000000000001, 1065.0, 154.5, 166.5], "label": "Pennsylvania", "words": [{"box": [961.0000000000001, 1065.0, 154.5, 166.5]}], "linking": []}, {"id": 4, "box": [994.9999999999999, 1065.0, 379.0, 393.0], "label": "Pennsylvania", "words": [{"box": [994.9999999999999, 1065.0, 379.0, 393.0]}], "linking": []}, {"id": 5, "box": [994.9999999999999, 1065.0, 544.0, 559.0], "label": "Pennsylvania", "words": [{"box": [994.9999999999999, 1065.0, 544.0, 559.0]}], "linking": []}, {"id": 6, "box": [177.0, 287.0, 501.0, 522.0], "label": "Pennsylvania", "words": [{"box": [177.0, 287.0, 501.0, 522.0]}], "linking": []}, {"id": 7, "box": [70.00000000000006, 672.0, 306.0, 348.0], "label": "Name", "words": [{"box": [70.00000000000006, 672.0, 306.0, 348.0]}], "linking": []}, {"id": 8, "box": [150.5, 707.5, 418.99999999999994, 449.99999999999994], "label": "Course", "words": [{"box": [150.5, 707.5, 418.99999999999994, 449.99999999999994]}], "linking": []}, {"id": 9, "box": [273.0, 387.0, 676.0, 688.0], "label": "Date", "words": [{"box": [273.0, 387.0, 676.0, 688.0]}], "linking": []}]}