{"form": [{"id": 1, "box": [371.0, 503.0, 136.00000000000003, 160.00000000000003], "label": "Harvard", "words": [{"box": [371.0, 503.0, 136.00000000000003, 160.00000000000003]}], "linking": []}, {"id": 2, "box": [338.0, 364.0, 133.00000000000003, 163.00000000000003], "label": "Harvard-logo", "words": [{"box": [338.0, 364.0, 133.00000000000003, 163.00000000000003]}], "linking": []}, {"id": 3, "box": [347.0, 698.0, 239.0, 271.0], "label": "Name", "words": [{"box": [347.0, 698.0, 239.0, 271.0]}], "linking": []}, {"id": 4, "box": [245.0, 799.0, 345.0, 370.0], "label": "Course", "words": [{"box": [245.0, 799.0, 345.0, 370.0]}], "linking": []}, {"id": 5, "box": [454.0, 565.0, 436.0, 460.0], "label": "Harvard", "words": [{"box": [454.0, 565.0, 436.0, 460.0]}], "linking": []}, {"id": 6, "box": [512.0, 590.0, 492.0, 506.0], "label": "Date", "words": [{"box": [512.0, 590.0, 492.0, 506.0]}], "linking": []}, {"id": 7, "box": [292.0, 330.0, 608.0, 618.0], "label": "Harvard", "words": [{"box": [292.0, 330.0, 608.0, 618.0]}], "linking": []}]}