{"form": [{"id": 1, "box": [479.5, 1096.5, 267.5, 358.5], "label": "UC", "words": [{"box": [479.5, 1096.5, 267.5, 358.5]}], "linking": []}, {"id": 2, "box": [607.5, 966.5, 483.99999999999994, 506.99999999999994], "label": "Name", "words": [{"box": [607.5, 966.5, 483.99999999999994, 506.99999999999994]}], "linking": []}, {"id": 3, "box": [685.5, 887.5, 763.0, 966.0], "label": "UC-logo", "words": [{"box": [685.5, 887.5, 763.0, 966.0]}], "linking": []}, {"id": 4, "box": [673.0, 948.0, 699.5, 716.5], "label": "Year-in-words", "words": [{"box": [673.0, 948.0, 699.5, 716.5]}], "linking": []}, {"id": 5, "box": [626.5, 689.5, 670.0, 685.0], "label": "Day", "words": [{"box": [626.5, 689.5, 670.0, 685.0]}], "linking": []}, {"id": 6, "box": [768.5, 873.5, 671.0, 686.0], "label": "Month", "words": [{"box": [768.5, 873.5, 671.0, 686.0]}], "linking": []}, {"id": 7, "box": [775.0, 952.0, 536.0, 552.0], "label": "Course", "words": [{"box": [775.0, 952.0, 536.0, 552.0]}], "linking": []}]}