{"form": [{"id": 1, "box": [303.0, 447.0, 248.0, 268.0], "label": "Name", "words": [{"box": [303.0, 447.0, 248.0, 268.0]}, {"text": "Dane McIntosh"}], "linking": []}, {"id": 2, "box": [200.0, 550.0, 417.99999999999994, 437.99999999999994], "label": "Course", "words": [{"box": [200.0, 550.0, 417.99999999999994, 437.99999999999994]}, {"text": "ENTREPRENEURSHIP ESSENTIALS"}], "linking": []}, {"id": 3, "box": [183.0, 241.0, 366.0, 382.0], "label": "Harvard", "words": [{"box": [183.0, 241.0, 366.0, 382.0]}, {"text": "Harvard"}], "linking": []}, {"id": 4, "box": [219.99999999999997, 293.0, 655.9999999999999, 666.9999999999999], "label": "Date", "words": [{"box": [219.99999999999997, 293.0, 655.9999999999999, 666.9999999999999]}, {"text": "MARCH 10, 2021"}], "linking": []}, {"id": 5, "box": [162.0, 256.0, 90.99999999999999, 111.99999999999999], "label": "Harvard", "words": [{"box": [162.0, 256.0, 90.99999999999999, 111.99999999999999]}, {"text": "Harvard"}], "linking": []}, {"id": 6, "box": [92.0, 150.0, 90.99999999999999, 158.0], "label": "Harvard-logo", "words": [{"box": [92.0, 150.0, 90.99999999999999, 158.0]}, {"text": "8?"}], "linking": []}, {"id": 7, "box": [95.0, 129.0, 746.0, 755.0], "label": "Harvard", "words": [{"box": [95.0, 129.0, 746.0, 755.0]}, {"text": "Harvard"}], "linking": []}, {"id": 8, "box": [526.0, 609.0, 667.0, 763.0], "label": "Harvard-logo", "words": [{"box": [526.0, 609.0, 667.0, 763.0]}, {"text": "Ny"}], "linking": []}]}