{"form": [{"id": 1, "box": [121.00000000000001, 492.99999999999994, 34.5, 87.5], "label": "UC", "words": [{"box": [121.00000000000001, 492.99999999999994, 34.5, 87.5]}, {"text": "Tviversity of California"}], "linking": []}, {"id": 2, "box": [246.0, 353.0, 157.0, 171.0], "label": "Name", "words": [{"box": [246.0, 353.0, 157.0, 171.0]}, {"text": "RAVIT DOTAN"}], "linking": []}, {"id": 3, "box": [273.5, 415.5, 215.0, 225.0], "label": "Course", "words": [{"box": [273.5, 415.5, 215.0, 225.0]}, {"text": "DOCTOR OF PHILOSOPHY"}], "linking": []}, {"id": 4, "box": [204.99999999999997, 278.0, 268.0, 279.0], "label": "Day", "words": [{"box": [204.99999999999997, 278.0, 268.0, 279.0]}, {"text": "POURTEENTH"}], "linking": []}, {"id": 5, "box": [324.0, 347.0, 271.0, 280.0], "label": "Month", "words": [{"box": [324.0, 347.0, 271.0, 280.0]}, {"text": "MAY"}], "linking": []}, {"id": 6, "box": [199.99999999999997, 395.0, 284.5, 297.5], "label": "Year-in-words", "words": [{"box": [199.99999999999997, 395.0, 284.5, 297.5]}, {"text": "TWO THOUSAND AND TWENTY-ONE"}], "linking": []}, {"id": 7, "box": [233.0, 357.0, 326.0, 454.0], "label": "UC-logo", "words": [{"box": [233.0, 357.0, 326.0, 454.0]}, {"text": "w@"}], "linking": []}]}