{"form": [{"id": 1, "box": [101.50000000000001, 379.5, 44.0, 84.0], "label": "UC", "words": [{"box": [101.50000000000001, 379.5, 44.0, 84.0]}, {"text": "\u2018Lhuiversity of California"}], "linking": []}, {"id": 2, "box": [195.5, 286.5, 146.5, 157.5], "label": "Name", "words": [{"box": [195.5, 286.5, 146.5, 157.5]}, {"text": "AUTUMN RAINS"}], "linking": []}, {"id": 3, "box": [182.50000000000003, 366.5, 172.0, 180.0], "label": "Course", "words": [{"box": [182.50000000000003, 366.5, 172.0, 180.0]}, {"text": "MASTER OF INFORMATION AND DATA SCIENCT"}], "linking": []}, {"id": 4, "box": [172.5, 210.5, 222.5, 228.5], "label": "Day", "words": [{"box": [172.5, 210.5, 222.5, 228.5]}, {"text": "TWELEITHM"}], "linking": []}, {"id": 5, "box": [169.5, 312.5, 235.5, 242.5], "label": "Year-in-words", "words": [{"box": [169.5, 312.5, 235.5, 242.5]}, {"text": "TWO? THEIL AAND AND TRENT Y-T WCF"}], "linking": []}, {"id": 6, "box": [244.49999999999994, 277.49999999999994, 222.5, 228.5], "label": "Month", "words": [{"box": [244.49999999999994, 277.49999999999994, 222.5, 228.5]}, {"text": "AL GUST"}], "linking": []}, {"id": 7, "box": [196.00000000000003, 285.0, 260.0, 348.0], "label": "UC-logo", "words": [{"box": [196.00000000000003, 285.0, 260.0, 348.0]}, {"text": "w"}], "linking": []}]}