{"form": [{"id": 1, "box": [140.00000000000003, 400.0, 12.000000000000002, 55.0], "label": "Harvard", "words": [{"box": [140.00000000000003, 400.0, 12.000000000000002, 55.0]}, {"text": "HARVARD"}], "linking": []}, {"id": 2, "box": [114.00000000000001, 205.0, 93.00000000000001, 203.0], "label": "Harvard-logo", "words": [{"box": [114.00000000000001, 205.0, 93.00000000000001, 203.0]}, {"text": "i"}], "linking": []}, {"id": 3, "box": [357.0, 535.0, 191.0, 215.0], "label": "Name", "words": [{"box": [357.0, 535.0, 191.0, 215.0]}, {"text": "JANE HARVARD"}], "linking": []}, {"id": 4, "box": [437.0, 565.0, 219.0, 235.0], "label": "Course", "words": [{"box": [437.0, 565.0, 219.0, 235.0]}, {"text": "Bachelor of Arts"}], "linking": []}, {"id": 5, "box": [590.0, 632.0, 311.0, 331.0], "label": "Day", "words": [{"box": [590.0, 632.0, 311.0, 331.0]}, {"text": "eighth"}], "linking": []}, {"id": 6, "box": [678.0, 716.0, 310.99999999999994, 331.99999999999994], "label": "Month", "words": [{"box": [678.0, 716.0, 310.99999999999994, 331.99999999999994]}, {"text": "June"}], "linking": []}, {"id": 7, "box": [253.0, 483.0, 338.99999999999994, 359.99999999999994], "label": "Year-in-words", "words": [{"box": [253.0, 483.0, 338.99999999999994, 359.99999999999994]}, {"text": "nineteen hundred and eighty-nine"}], "linking": []}, {"id": 8, "box": [481.99999999999994, 547.0, 101.99999999999999, 116.99999999999999], "label": "Harvard", "words": [{"box": [481.99999999999994, 547.0, 101.99999999999999, 116.99999999999999]}, {"text": "Harvard"}], "linking": []}, {"id": 9, "box": [232.00000000000003, 292.0, 313.0, 329.0], "label": "Harvard", "words": [{"box": [232.00000000000003, 292.0, 313.0, 329.0]}, {"text": "Harvard"}], "linking": []}, {"id": 10, "box": [510.00000000000006, 570.0, 338.0, 355.0], "label": "Harvard", "words": [{"box": [510.00000000000006, 570.0, 338.0, 355.0]}, {"text": "Harvard"}], "linking": []}]}