{"form": [{"id": 1, "box": [259.0, 549.0, 91.00000000000001, 134.0], "label": "Harvard", "words": [{"box": [259.0, 549.0, 91.00000000000001, 134.0]}, {"text": "HARVARD"}], "linking": []}, {"id": 2, "box": [538.0, 661.0, 229.00000000000003, 372.0], "label": "Harvard-logo", "words": [{"box": [538.0, 661.0, 229.00000000000003, 372.0]}, {"text": "A"}], "linking": []}, {"id": 3, "box": [343.0, 857.0, 482.0, 522.0], "label": "Name", "words": [{"box": [343.0, 857.0, 482.0, 522.0]}, {"text": "Amanda Colleen Ferrill"}], "linking": []}, {"id": 4, "box": [542.0, 658.0, 703.9999999999999, 726.9999999999999], "label": "Date", "words": [{"box": [542.0, 658.0, 703.9999999999999, 726.9999999999999]}, {"text": "May 26, 2021"}], "linking": []}, {"id": 5, "box": [171.00000000000003, 1028.0, 603.0, 629.0], "label": "Course", "words": [{"box": [171.00000000000003, 1028.0, 603.0, 629.0]}, {"text": "MARKETING MANAGEMENT AND DIGITAL STRATEGY"}], "linking": []}]}