{"form": [{"id": 1, "box": [532.725, 626.8349999999999, 74.315, 126.76500000000001], "label": "MIT-logo", "words": [{"box": [532.725, 626.8349999999999, 74.315, 126.76500000000001]}, {"text": "Wir"}], "linking": []}, {"id": 2, "box": [643.215, 875.5649999999999, 259.155, 299.345], "label": "Name", "words": [{"box": [643.215, 875.5649999999999, 259.155, 299.345]}, {"text": "Ivan Venzor"}], "linking": []}, {"id": 3, "box": [637.59, 879.39, 365.55, 609.05], "label": "MIT-logo", "words": [{"box": [637.59, 879.39, 365.55, 609.05]}, {"text": "ae)"}], "linking": []}, {"id": 4, "box": [132.43000000000004, 1383.29, 704.1850000000001, 751.1750000000001], "label": "Course", "words": [{"box": [132.43000000000004, 1383.29, 704.1850000000001, 751.1750000000001]}, {"text": "Professional Certificate Program in Machine Learning & Artificial Intelligence"}], "linking": []}, {"id": 5, "box": [750.005, 895.755, 800.165, 829.675], "label": "Date", "words": [{"box": [750.005, 895.755, 800.165, 829.675]}, {"text": "August 2, 2021"}], "linking": []}]}