{"form": [{"id": 1, "box": [132.99999999999997, 191.99999999999997, 84.0, 98.0], "label": "Harvard", "words": [{"box": [132.99999999999997, 191.99999999999997, 84.0, 98.0]}, {"text": "Harvard"}], "linking": []}, {"id": 2, "box": [89.0, 125.0, 85.0, 126.0], "label": "Harvard-logo", "words": [{"box": [89.0, 125.0, 85.0, 126.0]}, {"text": "Sy"}], "linking": []}, {"id": 3, "box": [191.0, 340.0, 180.0, 193.0], "label": "Name", "words": [{"box": [191.0, 340.0, 180.0, 193.0]}, {"text": "Hoakin Anita Montassier"}], "linking": []}, {"id": 4, "box": [140.0, 177.0, 254.0, 264.0], "label": "Harvard", "words": [{"box": [140.0, 177.0, 254.0, 264.0]}, {"text": "Harvard"}], "linking": []}, {"id": 5, "box": [144.00000000000003, 385.0, 288.0, 301.0], "label": "Course", "words": [{"box": [144.00000000000003, 385.0, 288.0, 301.0]}, {"text": "SUSTAINABLE BUSINESS STRATEGY"}], "linking": []}, {"id": 6, "box": [366.0, 422.0, 460.99999999999994, 529.0], "label": "Harvard-logo", "words": [{"box": [366.0, 422.0, 460.99999999999994, 529.0]}, {"text": "MY"}], "linking": []}, {"id": 7, "box": [155.99999999999997, 197.99999999999997, 446.0, 454.0], "label": "Date", "words": [{"box": [155.99999999999997, 197.99999999999997, 446.0, 454.0]}, {"text": "BAY 21. Xl"}], "linking": []}]}