{"form": [{"id": 1, "box": [269.26, 363.0, 17.25999999999999, 128.0], "label": "Harvard-logo", "words": [{"box": [269.26, 363.0, 17.25999999999999, 128.0]}, {"text": "UG"}], "linking": []}, {"id": 2, "box": [222.27000000000007, 314.69000000000005, 161.485, 177.995], "label": "Harvard", "words": [{"box": [222.27000000000007, 314.69000000000005, 161.485, 177.995]}, {"text": "HARVARD"}], "linking": []}, {"id": 3, "box": [195.0, 452.0, 248.0, 292.0], "label": "Name", "words": [{"box": [195.0, 452.0, 248.0, 292.0]}, {"text": "Nicolas Weninger"}], "linking": []}, {"id": 4, "box": [420.0, 456.0, 323.0, 338.0], "label": "Year", "words": [{"box": [420.0, 456.0, 323.0, 338.0]}, {"text": "2018"}], "linking": []}, {"id": 5, "box": [274.0, 326.0, 326.0, 347.0], "label": "Season", "words": [{"box": [274.0, 326.0, 326.0, 347.0]}, {"text": "Spring"}], "linking": []}, {"id": 6, "box": [347.00000000000006, 412.00000000000006, 400.0, 416.0], "label": "Harvard", "words": [{"box": [347.00000000000006, 412.00000000000006, 400.0, 416.0]}, {"text": "Harvard"}], "linking": []}]}