{"form": [{"id": 1, "box": [45.0, 135.0, 21.0, 42.0], "label": "Harvard", "words": [{"box": [45.0, 135.0, 21.0, 42.0]}, {"text": "Harvard"}], "linking": []}, {"id": 2, "box": [0.0, 33.0, 21.0, 89.0], "label": "Harvard-logo", "words": [{"box": [0.0, 33.0, 21.0, 89.0]}, {"text": "\u201c4"}], "linking": []}, {"id": 3, "box": [193.0, 311.0, 187.00000000000003, 208.00000000000003], "label": "Name", "words": [{"box": [193.0, 311.0, 187.00000000000003, 208.00000000000003]}, {"text": "Karyn Pinter"}], "linking": []}, {"id": 4, "box": [76.0, 126.0, 289.0, 301.0], "label": "Harvard", "words": [{"box": [76.0, 126.0, 289.0, 301.0]}, {"text": "rarvard"}], "linking": []}, {"id": 5, "box": [128.0, 374.0, 342.0, 357.0], "label": "Course", "words": [{"box": [128.0, 374.0, 342.0, 357.0]}, {"text": "MANAGEMENT ESSENTIALS"}], "linking": []}, {"id": 6, "box": [136.00000000000003, 207.00000000000003, 514.0000000000001, 521.0000000000001], "label": "Date", "words": [{"box": [136.00000000000003, 207.00000000000003, 514.0000000000001, 521.0000000000001]}, {"text": "VECEMALE 11. POLS"}], "linking": []}]}