{"form": [{"id": 1, "box": [478.0, 836.0, 253.00000000000003, 305.0], "label": "Harvard", "words": [{"box": [478.0, 836.0, 253.00000000000003, 305.0]}, {"text": "HARVARD"}], "linking": []}, {"id": 2, "box": [821.155, 976.845, 420.99999999999994, 600.0], "label": "Harvard-logo", "words": [{"box": [821.155, 976.845, 420.99999999999994, 600.0]}, {"text": "ww"}], "linking": []}, {"id": 3, "box": [569.0, 1238.0, 732.9999999999999, 797.9999999999999], "label": "Name", "words": [{"box": [569.0, 1238.0, 732.9999999999999, 797.9999999999999]}, {"text": "Robelyn Annette Garcia"}], "linking": []}, {"id": 4, "box": [745.0, 1052.0, 884.0, 923.0], "label": "Course", "words": [{"box": [745.0, 1052.0, 884.0, 923.0]}, {"text": "Web Technologies"}], "linking": []}, {"id": 5, "box": [828.0, 974.0, 1007.0000000000002, 1037.0000000000002], "label": "Date", "words": [{"box": [828.0, 974.0, 1007.0000000000002, 1037.0000000000002]}, {"text": "May 26, 2020"}], "linking": []}, {"id": 6, "box": [275.0, 457.0, 937.0, 1142.0], "label": "Harvard-logo", "words": [{"box": [275.0, 457.0, 937.0, 1142.0]}, {"text": "G9"}], "linking": []}, {"id": 7, "box": [1222.9999999999995, 1296.9999999999995, 1170.0, 1187.0], "label": "Harvard", "words": [{"box": [1222.9999999999995, 1296.9999999999995, 1170.0, 1187.0]}, {"text": "Harvard"}], "linking": []}]}