{"form": [{"id": 1, "box": [189.99999999999997, 321.0, 30.000000000000004, 54.0], "label": "Harvard", "words": [{"box": [189.99999999999997, 321.0, 30.000000000000004, 54.0]}, {"text": "HARVARD"}], "linking": []}, {"id": 2, "box": [156.0, 182.0, 28.0, 58.0], "label": "Harvard-logo", "words": [{"box": [156.0, 182.0, 28.0, 58.0]}, {"text": "ey"}], "linking": []}, {"id": 3, "box": [164.0, 517.0, 134.0, 166.0], "label": "Name", "words": [{"box": [164.0, 517.0, 134.0, 166.0]}, {"text": "Eric Kua Yeow Koon"}], "linking": []}, {"id": 4, "box": [61.99999999999999, 618.0, 237.99999999999997, 264.0], "label": "Course", "words": [{"box": [61.99999999999999, 618.0, 237.99999999999997, 264.0]}, {"text": "Teaching and Learning Strategies for Higher Education"}], "linking": []}, {"id": 5, "box": [271.0, 383.0, 329.99999999999994, 352.99999999999994], "label": "Harvard", "words": [{"box": [271.0, 383.0, 329.99999999999994, 352.99999999999994]}, {"text": "Harvard"}], "linking": []}, {"id": 6, "box": [330.0, 409.0, 386.00000000000006, 400.00000000000006], "label": "Date", "words": [{"box": [330.0, 409.0, 386.00000000000006, 400.00000000000006]}, {"text": "27 August 2018"}], "linking": []}, {"id": 7, "box": [246.00000000000003, 282.0, 294.0, 305.0], "label": "Harvard", "words": [{"box": [246.00000000000003, 282.0, 294.0, 305.0]}, {"text": "Harvard"}], "linking": []}, {"id": 8, "box": [110.0, 149.0, 502.0, 512.0], "label": "Harvard", "words": [{"box": [110.0, 149.0, 502.0, 512.0]}, {"text": "Harvard"}], "linking": []}, {"id": 9, "box": [339.465, 418.61499999999995, 371.37, 384.66999999999996], "label": "Date", "words": [{"box": [339.465, 418.61499999999995, 371.37, 384.66999999999996]}, {"text": "22 August 2018"}], "linking": []}, {"id": 10, "box": [264.185, 329.23499999999996, 370.86, 384.26], "label": "Date", "words": [{"box": [264.185, 329.23499999999996, 370.86, 384.26]}, {"text": "23 May 2018"}], "linking": []}]}