{"form": [{"id": 1, "box": [214.0, 442.0, 166.0, 190.0], "label": "UC", "words": [{"box": [214.0, 442.0, 166.0, 190.0]}, {"text": "University of California"}], "linking": []}, {"id": 2, "box": [232.49999999999994, 519.5, 345.0, 377.0], "label": "Name", "words": [{"box": [232.49999999999994, 519.5, 345.0, 377.0]}, {"text": "Carmen L Tubbesing"}], "linking": []}, {"id": 3, "box": [279.5, 465.5, 436.5, 457.5], "label": "Course", "words": [{"box": [279.5, 465.5, 436.5, 457.5]}, {"text": "Doctor of Philosophy"}], "linking": []}, {"id": 4, "box": [104.50000000000003, 257.5, 609.5000000000001, 763.5000000000001], "label": "UC-logo", "words": [{"box": [104.50000000000003, 257.5, 609.5000000000001, 763.5000000000001]}, {"text": "e"}], "linking": []}, {"id": 5, "box": [402.0, 476.0, 553.5, 566.5], "label": "Date", "words": [{"box": [402.0, 476.0, 553.5, 566.5]}, {"text": "May 15, 2020"}], "linking": []}, {"id": 6, "box": [409.49999999999994, 484.49999999999994, 303.0, 319.0], "label": "Date", "words": [{"box": [409.49999999999994, 484.49999999999994, 303.0, 319.0]}, {"text": "May 12, 2020"}], "linking": []}]}