{"form": [{"id": 1, "box": [197.0, 236.0, 236.0, 244.0], "label": "Date", "words": [{"box": [197.0, 236.0, 236.0, 244.0]}, {"text": "May 26, 007"}], "linking": []}, {"id": 2, "box": [187.99999999999997, 245.99999999999997, 203.0, 213.0], "label": "Course", "words": [{"box": [187.99999999999997, 245.99999999999997, 203.0, 213.0]}, {"text": "Data Science"}], "linking": []}, {"id": 3, "box": [173.0, 263.0, 163.0, 181.0], "label": "Name", "words": [{"box": [173.0, 263.0, 163.0, 181.0]}, {"text": "Engy Fouda"}], "linking": []}, {"id": 4, "box": [195.99999999999997, 237.99999999999997, 79.0, 128.0], "label": "Harvard-logo", "words": [{"box": [195.99999999999997, 237.99999999999997, 79.0, 128.0]}, {"text": "wa"}], "linking": []}, {"id": 5, "box": [106.0, 200.0, 36.0, 50.0], "label": "Harvard", "words": [{"box": [106.0, 200.0, 36.0, 50.0]}, {"text": "HARVARD"}], "linking": []}, {"id": 6, "box": [72.00000000000001, 109.00000000000001, 228.0, 271.0], "label": "Harvard-logo", "words": [{"box": [72.00000000000001, 109.00000000000001, 228.0, 271.0]}, {"text": "="}], "linking": []}]}