{"form": [{"id": 1, "box": [151.0, 193.0, 431.0, 438.0], "label": "Date", "words": [{"box": [151.0, 193.0, 431.0, 438.0]}, {"text": "MAY 11. 2022"}], "linking": []}, {"id": 2, "box": [170.00000000000003, 353.0, 287.0, 300.0], "label": "Course", "words": [{"box": [170.00000000000003, 353.0, 287.0, 300.0]}, {"text": "LEADERSHIP PRINCIPLES"}], "linking": []}, {"id": 3, "box": [125.99999999999999, 167.0, 250.00000000000003, 260.0], "label": "Harvard", "words": [{"box": [125.99999999999999, 167.0, 250.00000000000003, 260.0]}, {"text": "Harvard"}], "linking": []}, {"id": 4, "box": [232.00000000000003, 291.0, 167.0, 181.0], "label": "Name", "words": [{"box": [232.00000000000003, 291.0, 167.0, 181.0]}, {"text": "Limin Fu"}], "linking": []}, {"id": 5, "box": [119.0, 182.0, 59.0, 75.0], "label": "Harvard", "words": [{"box": [119.0, 182.0, 59.0, 75.0]}, {"text": "Harvard"}], "linking": []}, {"id": 6, "box": [62.00000000000001, 102.0, 58.0, 106.0], "label": "Harvard-logo", "words": [{"box": [62.00000000000001, 102.0, 58.0, 106.0]}, {"text": "N74"}], "linking": []}, {"id": 7, "box": [374.0, 433.0, 467.0, 536.0], "label": "Harvard-logo", "words": [{"box": [374.0, 433.0, 467.0, 536.0]}, {"text": "OY"}], "linking": []}]}