{"form": [{"id": 1, "box": [262.0, 488.0, 291.00000000000006, 322.00000000000006], "label": "Name", "words": [{"box": [262.0, 488.0, 291.00000000000006, 322.00000000000006]}, {"text": "Jordan Chompson"}], "linking": []}, {"id": 2, "box": [394.0, 427.0, 393.0, 413.0], "label": "Month", "words": [{"box": [394.0, 427.0, 393.0, 413.0]}, {"text": "June"}], "linking": []}, {"id": 3, "box": [321.00000000000006, 352.00000000000006, 393.0, 412.0], "label": "Day", "words": [{"box": [321.00000000000006, 352.00000000000006, 393.0, 412.0]}, {"text": "\u2018fifth"}], "linking": []}, {"id": 4, "box": [133.0, 371.0, 31.999999999999996, 69.0], "label": "Harvard", "words": [{"box": [133.0, 371.0, 31.999999999999996, 69.0]}, {"text": "HARVARD"}], "linking": []}, {"id": 5, "box": [352.0, 406.0, 423.99999999999994, 438.99999999999994], "label": "Harvard", "words": [{"box": [352.0, 406.0, 423.99999999999994, 438.99999999999994]}, {"text": "Harvard"}], "linking": []}, {"id": 6, "box": [50.0, 121.0, 17.0, 103.0], "label": "Harvard-logo", "words": [{"box": [50.0, 121.0, 17.0, 103.0]}, {"text": "ne"}], "linking": []}, {"id": 7, "box": [85.0, 306.0, 422.0, 441.0], "label": "Year-in-words", "words": [{"box": [85.0, 306.0, 422.0, 441.0]}, {"text": "nineteen hundred and ninety-seven"}], "linking": []}, {"id": 8, "box": [460.0, 531.0, 148.99999999999997, 162.99999999999997], "label": "Harvard", "words": [{"box": [460.0, 531.0, 148.99999999999997, 162.99999999999997]}, {"text": "HARVARD"}], "linking": []}]}