{"form": [{"id": 1, "box": [119.0, 353.0, 91.0, 133.0], "label": "Harvard", "words": [{"box": [119.0, 353.0, 91.0, 133.0]}, {"text": "HARVARD"}], "linking": []}, {"id": 2, "box": [384.00000000000006, 487.00000000000006, 250.99999999999997, 269.0], "label": "Name", "words": [{"box": [384.00000000000006, 487.00000000000006, 250.99999999999997, 269.0]}, {"text": "JOAN DOE"}], "linking": []}, {"id": 3, "box": [362.0, 480.0, 274.0, 292.0], "label": "Course", "words": [{"box": [362.0, 480.0, 274.0, 292.0]}, {"text": "Bachelor of Arts"}], "linking": []}, {"id": 4, "box": [551.0000000000001, 613.0000000000001, 356.0, 374.0], "label": "Day", "words": [{"box": [551.0000000000001, 613.0000000000001, 356.0, 374.0]}, {"text": "thirteenth"}], "linking": []}, {"id": 5, "box": [659.0, 693.0, 356.0, 378.0], "label": "Month", "words": [{"box": [659.0, 693.0, 356.0, 378.0]}, {"text": "June"}], "linking": []}, {"id": 6, "box": [271.0, 479.0, 382.0, 404.0], "label": "Year-in-words", "words": [{"box": [271.0, 479.0, 382.0, 404.0]}, {"text": "nineteen hundred and sixty-three"}], "linking": []}, {"id": 7, "box": [504.0, 560.0, 383.00000000000006, 399.00000000000006], "label": "Harvard", "words": [{"box": [504.0, 560.0, 383.00000000000006, 399.00000000000006]}, {"text": "Harvard"}], "linking": []}, {"id": 8, "box": [217.99999999999997, 274.0, 357.00000000000006, 373.00000000000006], "label": "Harvard", "words": [{"box": [217.99999999999997, 274.0, 357.00000000000006, 373.00000000000006]}, {"text": "Harvard"}], "linking": []}, {"id": 9, "box": [430.0, 490.0, 170.0, 188.0], "label": "Harvard", "words": [{"box": [430.0, 490.0, 170.0, 188.0]}, {"text": "Harvard"}], "linking": []}, {"id": 10, "box": [93.00000000000001, 175.0, 165.0, 262.0], "label": "Harvard-logo", "words": [{"box": [93.00000000000001, 175.0, 165.0, 262.0]}, {"text": "ist"}], "linking": []}]}