{"form": [{"id": 1, "box": [603.5000000000001, 873.5000000000001, 49.49999999999999, 118.5], "label": "Caltech-logo", "words": [{"box": [603.5000000000001, 873.5000000000001, 49.49999999999999, 118.5]}, {"text": "Caltech"}], "linking": []}, {"id": 2, "box": [40.50000000000001, 351.49999999999994, 251.5, 278.5], "label": "Name", "words": [{"box": [40.50000000000001, 351.49999999999994, 251.5, 278.5]}, {"text": "Adaickalavan Melyappan"}], "linking": []}, {"id": 3, "box": [144.0, 565.0, 338.5, 361.5], "label": "Course", "words": [{"box": [144.0, 565.0, 338.5, 361.5]}, {"text": "Learning From Data (Machine Learning)"}], "linking": []}, {"id": 4, "box": [737.0000000000001, 872.0000000000001, 226.0, 237.0], "label": "Caltech", "words": [{"box": [737.0000000000001, 872.0000000000001, 226.0, 237.0]}, {"text": "California institute of Technology"}], "linking": []}, {"id": 5, "box": [737.5, 872.5, 335.50000000000006, 345.50000000000006], "label": "Caltech", "words": [{"box": [737.5, 872.5, 335.50000000000006, 345.50000000000006]}, {"text": "Lalformia institute of /echnology"}], "linking": []}, {"id": 6, "box": [136.0, 209.0, 490.5, 500.5], "label": "Date", "words": [{"box": [136.0, 209.0, 490.5, 500.5]}, {"text": "january 17, 2017"}], "linking": []}]}