{"form": [{"id": 1, "box": [359.035, 399.085, 23.24, 45.3], "label": "MIT-logo", "words": [{"box": [359.035, 399.085, 23.24, 45.3]}, {"text": "Wir"}], "linking": []}, {"id": 2, "box": [245.84999999999997, 662.47, 81.655, 106.42500000000001], "label": "MIT", "words": [{"box": [245.84999999999997, 662.47, 81.655, 106.42500000000001]}, {"text": "Massachusetts Institute of Technology"}], "linking": []}, {"id": 3, "box": [334.38, 577.54, 158.40000000000003, 182.76000000000005], "label": "Name", "words": [{"box": [334.38, 577.54, 158.40000000000003, 182.76000000000005]}, {"text": "Fernando Ferrer"}], "linking": []}, {"id": 4, "box": [410.2850000000001, 498.57500000000005, 195.4, 283.42], "label": "MIT-logo", "words": [{"box": [410.2850000000001, 498.57500000000005, 195.4, 283.42]}, {"text": "(es)"}], "linking": []}, {"id": 5, "box": [273.39500000000004, 634.645, 336.53000000000003, 359.07], "label": "Course", "words": [{"box": [273.39500000000004, 634.645, 336.53000000000003, 359.07]}, {"text": "Tackling the Challenges of Big Data"}], "linking": []}, {"id": 6, "box": [444.59, 534.31, 359.925, 371.215], "label": "Date", "words": [{"box": [444.59, 534.31, 359.925, 371.215]}, {"text": "December 16, 2014"}], "linking": []}, {"id": 7, "box": [375.09, 425.45, 360.1, 369.5], "label": "Month", "words": [{"box": [375.09, 425.45, 360.1, 369.5]}, {"text": "November"}], "linking": []}]}