{"form": [{"id": 1, "box": [179.5, 421.5, 89.0, 180.0], "label": "Pennsylvania-logo", "words": [{"box": [179.5, 421.5, 89.0, 180.0]}, {"text": "Penn"}], "linking": []}, {"id": 2, "box": [304.0, 421.0, 185.5, 199.5], "label": "Pennsylvania", "words": [{"box": [304.0, 421.0, 185.5, 199.5]}, {"text": "PENNSYLVANIA"}], "linking": []}, {"id": 3, "box": [71.00000000000001, 172.0, 89.5, 199.5], "label": "Pennsylvania-logo", "words": [{"box": [71.00000000000001, 172.0, 89.5, 199.5]}, {"text": "rs"}], "linking": []}, {"id": 4, "box": [69.5, 312.5, 293.5, 332.5], "label": "Name", "words": [{"box": [69.5, 312.5, 293.5, 332.5]}, {"text": "Jane Learner"}], "linking": []}, {"id": 5, "box": [70.99999999999999, 174.0, 254.50000000000003, 276.5], "label": "Date", "words": [{"box": [70.99999999999999, 174.0, 254.50000000000003, 276.5]}, {"text": "May 14, 2043"}], "linking": []}, {"id": 6, "box": [70.49999999999999, 443.5, 394.0, 429.0], "label": "Course", "words": [{"box": [70.49999999999999, 443.5, 394.0, 429.0]}, {"text": "My First Coursera Course"}], "linking": []}]}