{"form": [{"id": 1, "box": [147.99999999999997, 329.0, 63.500000000000014, 130.5], "label": "Pennsylvania-logo", "words": [{"box": [147.99999999999997, 329.0, 63.500000000000014, 130.5]}, {"text": "Penn"}], "linking": []}, {"id": 2, "box": [65.50000000000001, 142.5, 61.500000000000014, 145.5], "label": "Pennsylvania-logo", "words": [{"box": [65.50000000000001, 142.5, 61.500000000000014, 145.5]}, {"text": "a"}], "linking": []}, {"id": 3, "box": [240.49999999999997, 328.49999999999994, 135.0, 146.0], "label": "Pennsylvania", "words": [{"box": [240.49999999999997, 328.49999999999994, 135.0, 146.0]}, {"text": "PENNSYLVANIA"}], "linking": []}, {"id": 4, "box": [67.50000000000001, 321.5, 252.5, 277.5], "label": "Name", "words": [{"box": [67.50000000000001, 321.5, 252.5, 277.5]}, {"text": "DAVID LUEBKE"}], "linking": []}, {"id": 5, "box": [65.0, 162.0, 219.5, 230.5], "label": "Date", "words": [{"box": [65.0, 162.0, 219.5, 230.5]}, {"text": "MARL H SS BOS"}], "linking": []}, {"id": 6, "box": [65.50000000000001, 187.5, 333.5, 350.5], "label": "Course", "words": [{"box": [65.50000000000001, 187.5, 333.5, 350.5]}, {"text": "Gamitication"}], "linking": []}, {"id": 7, "box": [377.00000000000006, 444.00000000000006, 369.0, 383.0], "label": "Pennsylvania", "words": [{"box": [377.00000000000006, 444.00000000000006, 369.0, 383.0]}, {"text": "Parunay ha nia"}], "linking": []}]}