{"form": [{"id": 1, "box": [47.5, 146.5, 532.0000000000001, 551.0000000000001], "label": "Pennsylvania", "words": [{"box": [47.5, 146.5, 532.0000000000001, 551.0000000000001]}, {"text": "Pennsylvania"}], "linking": []}, {"id": 2, "box": [167.5, 250.5, 666.5, 678.5], "label": "Date", "words": [{"box": [167.5, 250.5, 666.5, 678.5]}, {"text": "March 16, 7018"}], "linking": []}, {"id": 3, "box": [141.5, 650.5, 448.5, 479.5], "label": "Course", "words": [{"box": [141.5, 650.5, 448.5, 479.5]}, {"text": "Understanding Classroom Interaction"}], "linking": []}, {"id": 4, "box": [47.49999999999998, 394.5, 337.5, 374.5], "label": "Name", "words": [{"box": [47.49999999999998, 394.5, 337.5, 374.5]}, {"text": "Richardus Eko Indrajit"}], "linking": []}, {"id": 5, "box": [747.0, 843.0, 59.000000000000014, 164.0], "label": "Pennsylvania-logo", "words": [{"box": [747.0, 843.0, 59.000000000000014, 164.0]}, {"text": "&"}], "linking": []}, {"id": 6, "box": [851.4999999999999, 1081.5, 59.5, 145.5], "label": "Pennsylvania-logo", "words": [{"box": [851.4999999999999, 1081.5, 59.5, 145.5]}, {"text": "Penn"}], "linking": []}, {"id": 7, "box": [968.0000000000001, 1080.0, 149.00000000000003, 165.00000000000003], "label": "Pennsylvania", "words": [{"box": [968.0000000000001, 1080.0, 149.00000000000003, 165.00000000000003]}, {"text": "PENNSYLVANIA"}], "linking": []}, {"id": 8, "box": [1012.4999999999999, 1080.4999999999998, 324.5, 337.5], "label": "Pennsylvania", "words": [{"box": [1012.4999999999999, 1080.4999999999998, 324.5, 337.5]}, {"text": "Pennswvania"}], "linking": []}]}