{"form": [{"id": 1, "box": [733.5000000000001, 805.5000000000001, 37.5, 116.5], "label": "Pennsylvania-logo", "words": [{"box": [733.5000000000001, 805.5000000000001, 37.5, 116.5]}, {"text": "rs"}], "linking": []}, {"id": 2, "box": [811.9999999999999, 984.9999999999999, 38.0, 102.00000000000001], "label": "Pennsylvania-logo", "words": [{"box": [811.9999999999999, 984.9999999999999, 38.0, 102.00000000000001]}, {"text": "Penn"}], "linking": []}, {"id": 3, "box": [901.5, 985.5, 105.0, 117.0], "label": "Pennsylvania", "words": [{"box": [901.5, 985.5, 105.0, 117.0]}, {"text": "PENNSYLVANIA"}], "linking": []}, {"id": 4, "box": [937.0000000000001, 1024.0, 264.0, 279.0], "label": "Pennsylvania", "words": [{"box": [937.0000000000001, 1024.0, 264.0, 279.0]}, {"text": "Pennsylvania"}], "linking": []}, {"id": 5, "box": [43.5, 311.5, 288.5, 308.5], "label": "Name", "words": [{"box": [43.5, 311.5, 288.5, 308.5]}, {"text": "ISHAAN RUCHIR PATEL"}], "linking": []}, {"id": 6, "box": [114.49999999999999, 548.5, 401.5, 425.5], "label": "Course", "words": [{"box": [114.49999999999999, 548.5, 401.5, 425.5]}, {"text": "software Development Fundamentals"}], "linking": []}, {"id": 7, "box": [321.5, 448.5, 490.5, 511.5], "label": "Pennsylvania", "words": [{"box": [321.5, 448.5, 490.5, 511.5]}, {"text": "Pennsylvania"}], "linking": []}, {"id": 8, "box": [209.5, 299.5, 639.5, 653.5], "label": "Date", "words": [{"box": [209.5, 299.5, 639.5, 653.5]}, {"text": "June 24, 2021"}], "linking": []}]}