{"form": [{"id": 1, "box": [88.5, 367.5, 33.0, 74.0], "label": "UC", "words": [{"box": [88.5, 367.5, 33.0, 74.0]}, {"text": "\u201cTlniversity af California"}], "linking": []}, {"id": 2, "box": [177.99999999999997, 279.99999999999994, 131.49999999999997, 141.49999999999997], "label": "Name", "words": [{"box": [177.99999999999997, 279.99999999999994, 131.49999999999997, 141.49999999999997]}, {"text": "AXEL KELLY OLMOS"}], "linking": []}, {"id": 3, "box": [216.50000000000003, 308.5, 154.0, 161.0], "label": "Course", "words": [{"box": [216.50000000000003, 308.5, 154.0, 161.0]}, {"text": "RACHELOR OF SCIENCE"}], "linking": []}, {"id": 4, "box": [147.50000000000003, 199.50000000000003, 200.0, 207.0], "label": "Day", "words": [{"box": [147.50000000000003, 199.50000000000003, 200.0, 207.0]}, {"text": "NINETEENTH"}], "linking": []}, {"id": 5, "box": [233.99999999999997, 277.0, 200.0, 207.0], "label": "Month", "words": [{"box": [233.99999999999997, 277.0, 200.0, 207.0]}, {"text": "DFCEMEER"}], "linking": []}, {"id": 6, "box": [150.5, 307.5, 213.5, 220.5], "label": "Year-in-words", "words": [{"box": [150.5, 307.5, 213.5, 220.5]}, {"text": "NINE TREN PRLINDIMEDL? ANLA NDNEE Ye bP"}], "linking": []}, {"id": 7, "box": [190.0, 275.0, 247.50000000000006, 332.50000000000006], "label": "UC-logo", "words": [{"box": [190.0, 275.0, 247.50000000000006, 332.50000000000006]}, {"text": "@"}], "linking": []}]}