{"form": [{"id": 1, "box": [202.5, 332.5, 55.50000000000001, 89.5], "label": "Caltech-logo", "words": [{"box": [202.5, 332.5, 55.50000000000001, 89.5]}, {"text": "Caltech"}], "linking": []}, {"id": 2, "box": [137.64000000000001, 615.5, 268.0800000000001, 332.50000000000006], "label": "Course", "words": [{"box": [137.64000000000001, 615.5, 268.0800000000001, 332.50000000000006]}, {"text": "Msg caps hee eanapeath all"}], "linking": []}, {"id": 3, "box": [344.5, 444.5, 357.5, 374.5], "label": "Date", "words": [{"box": [344.5, 444.5, 357.5, 374.5]}, {"text": "August 7, 2022"}], "linking": []}, {"id": 4, "box": [223.6, 529.6, 169.0, 213.0], "label": "Name", "words": [{"box": [223.6, 529.6, 169.0, 213.0]}, {"text": "OV, Pharaoh renin"}], "linking": []}]}