{"form": [{"id": 1, "box": [78.0, 160.0, 58.00000000000001, 149.0], "label": "Pennsylvania-logo", "words": [{"box": [78.0, 160.0, 58.00000000000001, 149.0]}, {"text": "&"}], "linking": []}, {"id": 2, "box": [77.00000000000001, 558.0, 276.5, 307.5], "label": "Name", "words": [{"box": [77.00000000000001, 558.0, 276.5, 307.5]}, {"text": "RB Moh Nor Arif Ramadan"}], "linking": []}, {"id": 3, "box": [76.5, 155.5, 234.49999999999997, 248.49999999999997], "label": "Date", "words": [{"box": [76.5, 155.5, 234.49999999999997, 248.49999999999997]}, {"text": "Nov 14, 702%"}], "linking": []}, {"id": 4, "box": [78.0, 397.0, 375.0, 399.0], "label": "Course", "words": [{"box": [78.0, 397.0, 375.0, 399.0]}, {"text": "English for Career Development"}], "linking": []}, {"id": 5, "box": [395.5, 470.5, 420.49999999999994, 436.49999999999994], "label": "Pennsylvania", "words": [{"box": [395.5, 470.5, 420.49999999999994, 436.49999999999994]}, {"text": "Pennsyhania"}], "linking": []}, {"id": 6, "box": [267.0, 364.0, 137.5, 150.5], "label": "Pennsylvania", "words": [{"box": [267.0, 364.0, 137.5, 150.5]}, {"text": "PENNSYLVANIA"}], "linking": []}, {"id": 7, "box": [166.50000000000003, 363.5, 57.99999999999999, 134.0], "label": "Pennsylvania-logo", "words": [{"box": [166.50000000000003, 363.5, 57.99999999999999, 134.0]}, {"text": "Penn"}], "linking": []}]}