{"form": [{"id": 1, "box": [170.5, 565.5, 73.5, 102.5], "label": "Caltech", "words": [{"box": [170.5, 565.5, 73.5, 102.5]}, {"text": "California Institute of Technology"}], "linking": []}, {"id": 2, "box": [243.0, 494.0, 196.00000000000003, 229.00000000000003], "label": "Name", "words": [{"box": [243.0, 494.0, 196.00000000000003, 229.00000000000003]}, {"text": "Meghnath Kamble"}], "linking": []}, {"id": 3, "box": [127.49999999999997, 604.5, 290.5, 346.5], "label": "Course", "words": [{"box": [127.49999999999997, 604.5, 290.5, 346.5]}, {"text": "rd eee seca: HEAP ee oon"}], "linking": []}, {"id": 4, "box": [58.900000000000006, 180.0, 448.0, 482.0], "label": "Caltech-logo", "words": [{"box": [58.900000000000006, 180.0, 448.0, 482.0]}, {"text": "Caltech"}], "linking": []}, {"id": 5, "box": [482.585, 610.415, 465.5350000000001, 475.82500000000005], "label": "Caltech", "words": [{"box": [482.585, 610.415, 465.5350000000001, 475.82500000000005]}, {"text": "Calstornsa Insterate of Technology"}], "linking": []}, {"id": 6, "box": [481.745, 530.275, 477.485, 486.395], "label": "Date", "words": [{"box": [481.745, 530.275, 477.485, 486.395]}, {"text": "May 1. 2022"}], "linking": []}]}