{
    "form": [
        {
            "id": 1,
            "box": [
                195.71500000000003,
                637.605,
                380.69499999999994,
                434.94499999999994
            ],
            "label": "CertificateCourse",
            "words": [
                {
                    "box": [
                        195.71500000000003,
                        637.605,
                        380.69499999999994,
                        434.94499999999994
                    ],
                    "text": "Pe ain enn en eae"
                }
            ],
            "linking": []
        },
        {
            "id": 2,
            "box": [
                402.485,
                486.69500000000005,
                460.22499999999997,
                474.175
            ],
            "label": "Date",
            "words": [
                {
                    "box": [
                        402.485,
                        486.69500000000005,
                        460.22499999999997,
                        474.175
                    ],
                    "text": "June 25, 2018"
                }
            ],
            "linking": []
        },
        {
            "id": 3,
            "box": [
                354.55999999999995,
                381.81999999999994,
                459.9549999999999,
                474.66499999999996
            ],
            "label": "Month",
            "words": [
                {
                    "box": [
                        354.55999999999995,
                        381.81999999999994,
                        459.9549999999999,
                        474.66499999999996
                    ],
                    "text": "May"
                }
            ],
            "linking": []
        },
        {
            "id": 4,
            "box": [
                344.715,
                497.70500000000004,
                187.53000000000003,
                340.67
            ],
            "label": "UniversityLogo",
            "words": [
                {
                    "box": [
                        344.715,
                        497.70500000000004,
                        187.53000000000003,
                        340.67
                    ],
                    "text": "Ge"
                }
            ],
            "linking": []
        },
        {
            "id": 5,
            "box": [
                314.905,
                526.915,
                146.405,
                180.975
            ],
            "label": "ParticipantName",
            "words": [
                {
                    "box": [
                        314.905,
                        526.915,
                        146.405,
                        180.975
                    ],
                    "text": "Marco Spoel"
                }
            ],
            "linking": []
        },
        {
            "id": 6,
            "box": [
                319.66,
                523.1800000000001,
                94.745,
                108.715
            ],
            "label": "UniversityName",
            "words": [
                {
                    "box": [
                        319.66,
                        523.1800000000001,
                        94.745,
                        108.715
                    ],
                    "text": "Massachusetts Institute of Technology"
                }
            ],
            "linking": []
        },
        {
            "id": 7,
            "box": [
                325.71500000000003,
                405.405,
                25.855,
                71.785
            ],
            "label": "UniversityLogo",
            "words": [
                {
                    "box": [
                        325.71500000000003,
                        405.405,
                        25.855,
                        71.785
                    ],
                    "text": "IT"
                }
            ],
            "linking": []
        },
        {
            "id": 8,
            "box": [
                161.04000000000002,
                314.34000000000003,
                589.4000000000001,
                599.74
            ],
            "label": "UniversityName",
            "words": [
                {
                    "box": [
                        161.04000000000002,
                        314.34000000000003,
                        589.4000000000001,
                        599.74
                    ],
                    "text": "Massachusetts Institute of Technology"
                }
            ],
            "linking": []
        },
        {
            "id": 9,
            "box": [
                528.105,
                681.375,
                613.2950000000001,
                623.845
            ],
            "label": "UniversityName",
            "words": [
                {
                    "box": [
                        528.105,
                        681.375,
                        613.2950000000001,
                        623.845
                    ],
                    "text": "Massachusetts Institute of Technology"
                }
            ],
            "linking": []
        },
        {
            "id": 10,
            "box": [
                344.375,
                497.225,
                626.0400000000001,
                636.6
            ],
            "label": "UniversityName",
            "words": [
                {
                    "box": [
                        344.375,
                        497.225,
                        626.0400000000001,
                        636.6
                    ],
                    "text": "Massachusetts Institute of Technology"
                }
            ],
            "linking": []
        }
    ]
}