{"form": [{"id": 1, "box": [217.99999999999997, 384.0, 202.0, 230.0], "label": "UniversityName", "words": [{"box": [217.99999999999997, 384.0, 202.0, 230.0], "text": "HARVARD"}], "linking": []}, {"id": 2, "box": [371.0, 444.0, 106.0, 180.0], "label": "UniversityLogo", "words": [{"box": [371.0, 444.0, 106.0, 180.0], "text": "A"}], "linking": []}, {"id": 3, "box": [323.0, 502.0, 309.0, 338.0], "label": "ParticipantName", "words": [{"box": [323.0, 502.0, 309.0, 338.0], "text": "Jennifer Stroud"}], "linking": []}, {"id": 4, "box": [308.0, 525.0, 375.99999999999994, 399.99999999999994], "label": "CertificateCourse", "words": [{"box": [308.0, 525.0, 375.99999999999994, 399.99999999999994], "text": "DESIGN THINKING WORKSHOP"}], "linking": []}, {"id": 5, "box": [368.0, 471.0, 424.0, 440.0], "label": "Date", "words": [{"box": [368.0, 471.0, 424.0, 440.0], "text": "March 20-21, 2019"}], "linking": []}, {"id": 6, "box": [340.46500000000003, 374.515, 512.6949999999999, 522.605], "label": "UniversityName", "words": [{"box": [340.46500000000003, 374.515, 512.6949999999999, 522.605], "text": "Harvard"}], "linking": []}]}