{"form": [{"id": 1, "box": [304.00000000000006, 517.0, 173.71, 207.33], "label": "UniversityName", "words": [{"box": [304.00000000000006, 517.0, 173.71, 207.33], "text": "HARVARD"}], "linking": []}, {"id": 2, "box": [379.0, 447.38, 74.25999999999998, 157.44], "label": "UniversityLogo", "words": [{"box": [379.0, 447.38, 74.25999999999998, 157.44], "text": "Ss"}], "linking": []}, {"id": 3, "box": [293.11499999999995, 528.0049999999999, 286.0, 311.0], "label": "ParticipantName", "words": [{"box": [293.11499999999995, 528.0049999999999, 286.0, 311.0], "text": "Krithika Ramadoss"}], "linking": []}, {"id": 4, "box": [146.99999999999997, 664.0, 360.0, 375.0], "label": "CertificateCourse", "words": [{"box": [146.99999999999997, 664.0, 360.0, 375.0], "text": "ESSENTIAL MANAGEMENT SKILLS FOR EMERGING LEADERS"}], "linking": []}, {"id": 5, "box": [402.00000000000006, 487.00000000000006, 431.0, 444.0], "label": "Date", "words": [{"box": [402.00000000000006, 487.00000000000006, 431.0, 444.0], "text": "March 20, 2020"}], "linking": []}, {"id": 6, "box": [334.64, 376.64, 432.67499999999995, 445.865], "label": "Month", "words": [{"box": [334.64, 376.64, 432.67499999999995, 445.865], "text": "January"}], "linking": []}]}