{"form": [{"id": 1, "box": [110.0, 474.0, 2.999999999999999, 49.0], "label": "UniversityName", "words": [{"box": [110.0, 474.0, 2.999999999999999, 49.0], "text": "\u2018University of Califarnia"}], "linking": []}, {"id": 2, "box": [258.0, 329.0, 110.99999999999999, 122.99999999999999], "label": "ParticipantName", "words": [{"box": [258.0, 329.0, 110.99999999999999, 122.99999999999999], "text": "YUAN FU"}], "linking": []}, {"id": 3, "box": [275.0, 402.0, 138.0, 148.0], "label": "CertificateCourse", "words": [{"box": [275.0, 402.0, 138.0, 148.0], "text": "BACHELOR OF SCIENCE"}], "linking": []}, {"id": 4, "box": [196.49999999999997, 265.49999999999994, 202.0, 212.0], "label": "Day", "words": [{"box": [196.49999999999997, 265.49999999999994, 202.0, 212.0], "text": "TWENTIETH"}], "linking": []}, {"id": 5, "box": [308.5, 349.5, 203.50000000000003, 212.50000000000003], "label": "Month", "words": [{"box": [308.5, 349.5, 203.50000000000003, 212.50000000000003], "text": "MARCHE"}], "linking": []}, {"id": 6, "box": [208.99999999999997, 378.0, 217.50000000000003, 228.50000000000003], "label": "YearInWords", "words": [{"box": [208.99999999999997, 378.0, 217.50000000000003, 228.50000000000003], "text": "TWO THOUSAND AND TWENTY"}], "linking": []}, {"id": 7, "box": [234.0, 361.0, 246.5, 362.5], "label": "UniversityLogo", "words": [{"box": [234.0, 361.0, 246.5, 362.5], "text": "G"}], "linking": []}]}