{"form": [{"id": 1, "box": [72.00000000000001, 371.0, 36.5, 84.5], "label": "UniversityName", "words": [{"box": [72.00000000000001, 371.0, 36.5, 84.5], "text": "\u2018[Luiversity of California"}], "linking": []}, {"id": 2, "box": [121.50000000000001, 323.5, 148.0, 160.0], "label": "ParticipantName", "words": [{"box": [121.50000000000001, 323.5, 148.0, 160.0], "text": "RODRIGO DE OLIVEIRA MORELLI"}], "linking": []}, {"id": 3, "box": [174.49999999999997, 340.49999999999994, 176.0, 185.0], "label": "CertificateCourse", "words": [{"box": [174.49999999999997, 340.49999999999994, 176.0, 185.0], "text": "MASTER OF BUSINESS ADMINISTRATION"}], "linking": []}, {"id": 4, "box": [156.5, 203.5, 226.00000000000003, 233.00000000000003], "label": "Day", "words": [{"box": [156.5, 203.5, 226.00000000000003, 233.00000000000003], "text": "PrPTRRENTIL"}], "linking": []}, {"id": 5, "box": [237.5, 254.5, 227.5, 233.5], "label": "Month", "words": [{"box": [237.5, 254.5, 227.5, 233.5], "text": "MAY"}], "linking": []}, {"id": 6, "box": [158.5, 284.5, 239.5, 247.5], "label": "YearInWords", "words": [{"box": [158.5, 284.5, 239.5, 247.5], "text": "TW TILOUSAND AND TWENTY"}], "linking": []}, {"id": 7, "box": [177.5, 266.5, 269.5, 359.5], "label": "UniversityLogo", "words": [{"box": [177.5, 266.5, 269.5, 359.5], "text": "@"}], "linking": []}]}