{"form": [{"id": 1, "box": [519.355, 698.105, 43.0, 118.66], "label": "UniversityLogo", "words": [{"box": [519.355, 698.105, 43.0, 118.66], "text": "MIT"}], "linking": []}, {"id": 2, "box": [44.690000000000005, 396.51, 204.33, 230.33], "label": "ParticipantName", "words": [{"box": [44.690000000000005, 396.51, 204.33, 230.33], "text": "David Ascencios Rondon"}], "linking": []}, {"id": 3, "box": [45.02999999999997, 321.19000000000005, 309.67, 330.67], "label": "CertificateCourse", "words": [{"box": [45.02999999999997, 321.19000000000005, 309.67, 330.67], "text": "Statistics and Data Science"}], "linking": []}, {"id": 4, "box": [189.025, 234.55500000000004, 614.3300000000002, 624.3300000000002], "label": "Month", "words": [{"box": [189.025, 234.55500000000004, 614.3300000000002, 624.3300000000002], "text": "December"}], "linking": []}, {"id": 5, "box": [236.21499999999997, 260.685, 614.66, 623.66], "label": "Year", "words": [{"box": [236.21499999999997, 260.685, 614.66, 623.66], "text": "2020"}], "linking": []}, {"id": 6, "box": [592.025, 756.755, 533.33, 544.33], "label": "UniversityName", "words": [{"box": [592.025, 756.755, 533.33, 544.33], "text": "Massachusetts institute of Technoiogy"}], "linking": []}, {"id": 7, "box": [592.03, 756.4300000000001, 422.6649999999999, 432.99499999999995], "label": "UniversityName", "words": [{"box": [592.03, 756.4300000000001, 422.6649999999999, 432.99499999999995], "text": "Massacuselis Insitute of / BO Mopgy"}], "linking": []}, {"id": 8, "box": [592.025, 756.755, 284.34000000000003, 296.0], "label": "UniversityName", "words": [{"box": [592.025, 756.755, 284.34000000000003, 296.0], "text": "Massachusetts institute of Technology"}], "linking": []}]}