{"form": [{"id": 1, "box": [166.495, 566.7449999999999, 86.0, 115.0], "label": "UniversityName", "words": [{"box": [166.495, 566.7449999999999, 86.0, 115.0], "text": "California Institute of Technology"}], "linking": []}, {"id": 2, "box": [249.50000000000003, 482.5, 207.49999999999997, 239.89999999999995], "label": "ParticipantName", "words": [{"box": [249.50000000000003, 482.5, 207.49999999999997, 239.89999999999995], "text": "David K. Quach"}], "linking": []}, {"id": 3, "box": [56.000000000000014, 178.0, 454.0, 484.0], "label": "UniversityLogo", "words": [{"box": [56.000000000000014, 178.0, 454.0, 484.0], "text": "Caltech"}], "linking": []}, {"id": 4, "box": [482.0, 557.0, 481.5, 490.5], "label": "Date", "words": [{"box": [482.0, 557.0, 481.5, 490.5], "text": "November 15, 2021"}], "linking": []}, {"id": 5, "box": [482.0000000000001, 610.0000000000001, 471.0, 479.0], "label": "UniversityName", "words": [{"box": [482.0000000000001, 610.0000000000001, 471.0, 479.0], "text": "(alilormia lnetetute of TI ochnebory"}], "linking": []}, {"id": 6, "box": [202.41999999999996, 531.64, 303.50499999999994, 361.215], "label": "CertificateCourse", "words": [{"box": [202.41999999999996, 531.64, 303.50499999999994, 361.215], "text": "sige a Rais a"}], "linking": []}]}