{"form": [{"id": 1, "box": [167.0, 629.0, 61.00000000000001, 90.0], "label": "UniversityName", "words": [{"box": [167.0, 629.0, 61.00000000000001, 90.0], "text": "California Institute of Technology"}], "linking": []}, {"id": 2, "box": [285.5, 514.5, 200.99999999999997, 228.99999999999997], "label": "ParticipantName", "words": [{"box": [285.5, 514.5, 200.99999999999997, 228.99999999999997], "text": "Kana UJdomon"}], "linking": []}, {"id": 3, "box": [36.5, 178.5, 515.5, 550.5], "label": "UniversityLogo", "words": [{"box": [36.5, 178.5, 515.5, 550.5], "text": "Caltech"}], "linking": []}, {"id": 4, "box": [531.9999999999999, 595.9999999999999, 547.0, 556.0], "label": "Date", "words": [{"box": [531.9999999999999, 595.9999999999999, 547.0, 556.0], "text": "March 4. 2022"}], "linking": []}, {"id": 5, "box": [532.0, 682.0, 534.0000000000001, 545.0000000000001], "label": "UniversityName", "words": [{"box": [532.0, 682.0, 534.0000000000001, 545.0000000000001], "text": "Califorma Institute of Technology"}], "linking": []}, {"id": 6, "box": [143.945, 653.2149999999999, 309.16999999999996, 375.63], "label": "CertificateCourse", "words": [{"box": [143.945, 653.2149999999999, 309.16999999999996, 375.63], "text": "Megara oe"}], "linking": []}]}