{"form": [{"id": 1, "box": [185.0, 613.0, 94.0, 122.0], "label": "UniversityName", "words": [{"box": [185.0, 613.0, 94.0, 122.0], "text": "California Institute of Technology"}], "linking": []}, {"id": 2, "box": [258.0, 543.0, 224.5, 251.5], "label": "ParticipantName", "words": [{"box": [258.0, 543.0, 224.5, 251.5], "text": "Vamsi Krishna K P"}], "linking": []}, {"id": 3, "box": [225.5, 573.5, 327.0, 386.0], "label": "CertificateCourse", "words": [{"box": [225.5, 573.5, 327.0, 386.0], "text": "See eGHC BUNGAt: thesia"}], "linking": []}, {"id": 4, "box": [65.5, 196.5, 495.0, 529.0], "label": "UniversityLogo", "words": [{"box": [65.5, 196.5, 495.0, 529.0], "text": "Caltech"}], "linking": []}, {"id": 5, "box": [523.0, 578.0, 524.9999999999999, 534.9999999999999], "label": "Date", "words": [{"box": [523.0, 578.0, 524.9999999999999, 534.9999999999999], "text": "Apri |, 2022"}], "linking": []}, {"id": 6, "box": [523.5, 661.5, 513.0, 524.0], "label": "UniversityName", "words": [{"box": [523.5, 661.5, 513.0, 524.0], "text": "California Institute of Technology"}], "linking": []}]}