{"form": [{"id": 1, "box": [183.28500000000005, 614.435, 85.78000000000002, 114.78000000000002], "label": "UniversityName", "words": [{"box": [183.28500000000005, 614.435, 85.78000000000002, 114.78000000000002], "text": "California Institute of Technology"}], "linking": []}, {"id": 2, "box": [256.49999999999994, 545.5, 217.5, 245.5], "label": "ParticipantName", "words": [{"box": [256.49999999999994, 545.5, 217.5, 245.5], "text": "Natan-Haim Kalson"}], "linking": []}, {"id": 3, "box": [185.5, 616.5, 320.5, 380.5], "label": "CertificateCourse", "words": [{"box": [185.5, 616.5, 320.5, 380.5], "text": "sie gubure rahi Bebe aevagarer,"}], "linking": []}, {"id": 4, "box": [64.49999999999999, 194.5, 505.49999999999994, 535.5], "label": "UniversityLogo", "words": [{"box": [64.49999999999999, 194.5, 505.49999999999994, 535.5], "text": "Caltech"}], "linking": []}, {"id": 5, "box": [524.1, 663.36, 520.4850000000001, 531.4750000000001], "label": "UniversityName", "words": [{"box": [524.1, 663.36, 520.4850000000001, 531.4750000000001], "text": "Cahformuza Institute of Technology"}], "linking": []}, {"id": 6, "box": [523.5649999999999, 576.195, 532.49, 542.01], "label": "Date", "words": [{"box": [523.5649999999999, 576.195, 532.49, 542.01], "text": "ane 6, 2022"}], "linking": []}]}