{"form": [{"id": 1, "box": [554.9999999999999, 1235.0, 295.0, 338.0], "label": "UniversityName", "words": [{"box": [554.9999999999999, 1235.0, 295.0, 338.0], "text": "CALIFORNIA INSTITUTE OF TECHNOLOGY"}], "linking": []}, {"id": 2, "box": [142.5, 332.5, 818.755, 1014.005], "label": "UniversityLogo", "words": [{"box": [142.5, 332.5, 818.755, 1014.005], "text": "\u20acj"}], "linking": []}, {"id": 3, "box": [995.0000000000001, 1059.0, 938.5, 962.5], "label": "Month", "words": [{"box": [995.0000000000001, 1059.0, 938.5, 962.5], "text": "June"}], "linking": []}, {"id": 4, "box": [1066.5000000000002, 1128.5000000000002, 937.5, 962.5], "label": "Year", "words": [{"box": [1066.5000000000002, 1128.5000000000002, 937.5, 962.5], "text": "2022"}], "linking": []}, {"id": 5, "box": [77.00000000000001, 425.0, 1229.5, 1256.5], "label": "UniversityName", "words": [{"box": [77.00000000000001, 425.0, 1229.5, 1256.5], "text": "California Institute of fechnology"}], "linking": []}, {"id": 6, "box": [632.5000000000001, 1174.5, 815.4999999999999, 878.4999999999999], "label": "ParticipantName", "words": [{"box": [632.5000000000001, 1174.5, 815.4999999999999, 878.4999999999999], "text": "Shashank Lomar"}], "linking": []}]}