{"form": [{"id": 1, "box": [252.99999999999997, 360.0, 177.99999999999997, 212.99999999999997], "label": "ParticipantName", "words": [{"box": [252.99999999999997, 360.0, 177.99999999999997, 212.99999999999997], "text": "RAM"}], "linking": []}, {"id": 2, "box": [202.99999999999997, 402.0, 258.0, 273.0], "label": "CertificateCourse", "words": [{"box": [202.99999999999997, 402.0, 258.0, 273.0], "text": "Artificial Intelligence with Python"}], "linking": []}, {"id": 3, "box": [258.0, 412.0, 332.00000000000006, 347.00000000000006], "label": "YearInWords", "words": [{"box": [258.0, 412.0, 332.00000000000006, 347.00000000000006], "text": "two thousand twenty-two"}], "linking": []}, {"id": 4, "box": [258.0, 299.0, 459.0, 470.0], "label": "UniversityName", "words": [{"box": [258.0, 299.0, 459.0, 470.0], "text": "Harvard"}], "linking": []}]}