{"form": [{"id": 1, "box": [165.49999999999997, 635.5, 67.00000000000001, 134.0], "label": "UniversityName", "words": [{"box": [165.49999999999997, 635.5, 67.00000000000001, 134.0], "text": "\u201cLiniversity of Califarnia"}], "linking": []}, {"id": 2, "box": [226.99999999999994, 574.0, 240.00000000000003, 260.0], "label": "ParticipantName", "words": [{"box": [226.99999999999994, 574.0, 240.00000000000003, 260.0], "text": "JOSH ANTHONY GUALVEZ CAMPOS"}], "linking": []}, {"id": 3, "box": [377.50000000000006, 537.5, 284.5, 296.5], "label": "CertificateCourse", "words": [{"box": [377.50000000000006, 537.5, 284.5, 296.5], "text": "BACHELOR OF SCIENCE"}], "linking": []}, {"id": 4, "box": [287.0, 376.0, 369.0, 380.0], "label": "Day", "words": [{"box": [287.0, 376.0, 369.0, 380.0], "text": "THIRTEENTH"}], "linking": []}, {"id": 5, "box": [432.5, 461.5, 369.0, 380.0], "label": "Month", "words": [{"box": [432.5, 461.5, 369.0, 380.0], "text": "MAY"}], "linking": []}, {"id": 6, "box": [279.5, 521.5, 391.0, 403.0], "label": "YearInWords", "words": [{"box": [279.5, 521.5, 391.0, 403.0], "text": "TWO THOUSAND AND TWENTY-TWO"}], "linking": []}, {"id": 7, "box": [324.5, 475.5, 433.5, 582.5], "label": "UniversityLogo", "words": [{"box": [324.5, 475.5, 433.5, 582.5], "text": "q@"}], "linking": []}]}