{"form": [{"id": 1, "box": [144.0, 618.0, 103.49999999999999, 135.5], "label": "UniversityName", "words": [{"box": [144.0, 618.0, 103.49999999999999, 135.5], "text": "California Institute of Technology"}], "linking": []}, {"id": 2, "box": [224.5, 539.5, 249.99999999999994, 285.99999999999994], "label": "ParticipantName", "words": [{"box": [224.5, 539.5, 249.99999999999994, 285.99999999999994], "text": "Anthony Rodrigues"}], "linking": []}, {"id": 3, "box": [10.499999999999998, 155.5, 552.5, 588.5], "label": "UniversityLogo", "words": [{"box": [10.499999999999998, 155.5, 552.5, 588.5], "text": "Caltech"}], "linking": []}, {"id": 4, "box": [518.5, 587.5, 585.0, 595.0], "label": "Date", "words": [{"box": [518.5, 587.5, 585.0, 595.0], "text": "August 1, 2022"}], "linking": []}, {"id": 5, "box": [517.0, 672.0, 572.0000000000001, 583.0000000000001], "label": "UniversityName", "words": [{"box": [517.0, 672.0, 572.0000000000001, 583.0000000000001], "text": "California Institute of Technology"}], "linking": []}, {"id": 6, "box": [98.35500000000002, 665.4449999999999, 361.6700000000001, 428.33000000000004], "label": "CertificateCourse", "words": [{"box": [98.35500000000002, 665.4449999999999, 361.6700000000001, 428.33000000000004], "text": "au SrLLattc eee heatBertetake"}], "linking": []}]}