{"form": [{"id": 1, "box": [537.0, 668.0, 63.000000000000014, 214.0], "label": "UniversityLogo", "words": [{"box": [537.0, 668.0, 63.000000000000014, 214.0], "text": "a,"}], "linking": []}, {"id": 2, "box": [470.9999999999999, 593.9999999999999, 239.0, 260.0], "label": "UniversityName", "words": [{"box": [470.9999999999999, 593.9999999999999, 239.0, 260.0], "text": "HARVARD"}], "linking": []}, {"id": 3, "box": [424.99999999999994, 781.0, 337.0, 394.0], "label": "ParticipantName", "words": [{"box": [424.99999999999994, 781.0, 337.0, 394.0], "text": "Dr. Grieve Chelwa"}], "linking": []}, {"id": 4, "box": [548.0, 589.0, 448.0, 469.0], "label": "Season", "words": [{"box": [548.0, 589.0, 448.0, 469.0], "text": "Fall"}], "linking": []}, {"id": 5, "box": [716.0, 766.0, 450.0, 470.0], "label": "Year", "words": [{"box": [716.0, 766.0, 450.0, 470.0], "text": "2016"}], "linking": []}, {"id": 6, "box": [630.9999999999999, 721.9999999999999, 531.0, 552.0], "label": "UniversityName", "words": [{"box": [630.9999999999999, 721.9999999999999, 531.0, 552.0], "text": "Harvard"}], "linking": []}, {"id": 7, "box": [751.0, 841.0, 422.0, 449.0], "label": "CertificateCourse", "words": [{"box": [751.0, 841.0, 422.0, 449.0], "text": "teaching"}], "linking": []}]}