{"form": [{"id": 1, "box": [853.0, 1066.0, 69.0, 149.0], "label": "UniversityLogo", "words": [{"box": [853.0, 1066.0, 69.0, 149.0], "text": "Penn"}], "linking": []}, {"id": 2, "box": [758.35, 844.65, 69.63499999999998, 166.505], "label": "UniversityLogo", "words": [{"box": [758.35, 844.65, 69.63499999999998, 166.505], "text": "&"}], "linking": []}, {"id": 3, "box": [961.0000000000001, 1065.0, 154.5, 166.5], "label": "UniversityName", "words": [{"box": [961.0000000000001, 1065.0, 154.5, 166.5], "text": "PENNSYLVANIA"}], "linking": []}, {"id": 4, "box": [994.9999999999999, 1065.0, 379.0, 393.0], "label": "UniversityName", "words": [{"box": [994.9999999999999, 1065.0, 379.0, 393.0], "text": "Pennsylvania"}], "linking": []}, {"id": 5, "box": [994.9999999999999, 1065.0, 544.0, 559.0], "label": "UniversityName", "words": [{"box": [994.9999999999999, 1065.0, 544.0, 559.0], "text": "Pennsylvania"}], "linking": []}, {"id": 6, "box": [177.0, 287.0, 501.0, 522.0], "label": "UniversityName", "words": [{"box": [177.0, 287.0, 501.0, 522.0], "text": "Pennsylvania"}], "linking": []}, {"id": 7, "box": [70.00000000000006, 672.0, 306.0, 348.0], "label": "ParticipantName", "words": [{"box": [70.00000000000006, 672.0, 306.0, 348.0], "text": "Mohamed Yahya Rafea Ibrahim"}], "linking": []}, {"id": 8, "box": [150.5, 707.5, 418.99999999999994, 449.99999999999994], "label": "CertificateCourse", "words": [{"box": [150.5, 707.5, 418.99999999999994, 449.99999999999994], "text": "Programming for the Web with JavaScript"}], "linking": []}, {"id": 9, "box": [273.0, 387.0, 676.0, 688.0], "label": "Date", "words": [{"box": [273.0, 387.0, 676.0, 688.0], "text": "November 28 2018"}], "linking": []}]}