{"form": [{"id": 1, "box": [482.49999999999994, 664.5, 209.50000000000003, 231.50000000000003], "label": "UniversityName", "words": [{"box": [482.49999999999994, 664.5, 209.50000000000003, 231.50000000000003], "text": "PENNSYLVANIA"}], "linking": []}, {"id": 2, "box": [292.99999999999994, 487.0, 98.5, 172.5], "label": "UniversityLogo", "words": [{"box": [292.99999999999994, 487.0, 98.5, 172.5], "text": "Penn"}], "linking": []}, {"id": 3, "box": [166.925, 281.615, 100.5, 230.5], "label": "UniversityLogo", "words": [{"box": [166.925, 281.615, 100.5, 230.5], "text": "&"}], "linking": []}, {"id": 4, "box": [311.0, 520.0, 411.99999999999994, 441.99999999999994], "label": "ParticipantName", "words": [{"box": [311.0, 520.0, 411.99999999999994, 441.99999999999994], "text": "Deepti Sawhney"}], "linking": []}, {"id": 5, "box": [423.00000000000006, 498.00000000000006, 527.5, 542.5], "label": "Date", "words": [{"box": [423.00000000000006, 498.00000000000006, 527.5, 542.5], "text": "July 1, 2020"}], "linking": []}, {"id": 6, "box": [322.5, 403.5, 496.0, 511.0], "label": "UniversityName", "words": [{"box": [322.5, 403.5, 496.0, 511.0], "text": "Pennsylvania"}], "linking": []}, {"id": 7, "box": [131.5, 697.5, 314.00000000000006, 337.00000000000006], "label": "CertificateCourse", "words": [{"box": [131.5, 697.5, 314.00000000000006, 337.00000000000006], "text": "Global Education Entrepreneurship and Innovation"}], "linking": []}]}