{"form": [{"id": 1, "box": [420.015, 571.885, 107.605, 172.415], "label": "UniversityLogo", "words": [{"box": [420.015, 571.885, 107.605, 172.415], "text": "MT"}], "linking": []}, {"id": 2, "box": [236.20000000000005, 785.74, 251.745, 271.775], "label": "UniversityName", "words": [{"box": [236.20000000000005, 785.74, 251.745, 271.775], "text": "MASSACHUSETTS INSTITUTE OF TECHNOLOGY"}], "linking": []}, {"id": 3, "box": [399.29, 620.79, 369.115, 400.08500000000004], "label": "ParticipantName", "words": [{"box": [399.29, 620.79, 369.115, 400.08500000000004], "text": "Michael T Wise"}], "linking": []}, {"id": 4, "box": [151.505, 866.115, 456.27500000000003, 481.74500000000006], "label": "CertificateCourse", "words": [{"box": [151.505, 866.115, 456.27500000000003, 481.74500000000006], "text": "Blockchain Technologies: Business Innovation and Application"}], "linking": []}, {"id": 5, "box": [519.12, 552.4399999999999, 499.245, 513.055], "label": "Year", "words": [{"box": [519.12, 552.4399999999999, 499.245, 513.055], "text": "2019"}], "linking": []}, {"id": 6, "box": [470.30999999999995, 516.53, 498.58000000000004, 514.94], "label": "Month", "words": [{"box": [470.30999999999995, 516.53, 498.58000000000004, 514.94], "text": "August"}], "linking": []}]}