{"form": [{"id": 1, "box": [75.0, 255.0, 51.93999999999999, 265.0], "label": "UniversityLogo", "words": [{"box": [75.0, 255.0, 51.93999999999999, 265.0], "text": "="}], "linking": []}, {"id": 2, "box": [340.0, 415.0, 244.0, 258.0], "label": "UniversityName", "words": [{"box": [340.0, 415.0, 244.0, 258.0], "text": "HARVARD"}], "linking": []}, {"id": 3, "box": [328.0, 545.0, 297.0, 319.0], "label": "ParticipantName", "words": [{"box": [328.0, 545.0, 297.0, 319.0], "text": "Catherine Kunst"}], "linking": []}, {"id": 4, "box": [309.00000000000006, 561.0, 353.0, 367.0], "label": "CertificateCourse", "words": [{"box": [309.00000000000006, 561.0, 353.0, 367.0], "text": "NEGOTIATION AND LEADERSHIP"}], "linking": []}, {"id": 5, "box": [351.0, 520.0, 376.0, 392.0], "label": "Date", "words": [{"box": [351.0, 520.0, 376.0, 392.0], "text": "DECEMBER 4-6, 2017"}], "linking": []}, {"id": 6, "box": [463.0, 507.0, 527.0, 539.0], "label": "UniversityName", "words": [{"box": [463.0, 507.0, 527.0, 539.0], "text": "Harvard"}], "linking": []}, {"id": 7, "box": [751.0, 786.0, 545.0, 586.0], "label": "UniversityLogo", "words": [{"box": [751.0, 786.0, 545.0, 586.0], "text": "ey"}], "linking": []}, {"id": 8, "box": [614.0, 667.0, 568.0, 577.0], "label": "UniversityName", "words": [{"box": [614.0, 667.0, 568.0, 577.0], "text": "HARVARD"}], "linking": []}, {"id": 9, "box": [711.9999999999999, 742.9999999999999, 606.0000000000001, 613.0000000000001], "label": "UniversityName", "words": [{"box": [711.9999999999999, 742.9999999999999, 606.0000000000001, 613.0000000000001], "text": "Harvard"}], "linking": []}, {"id": 10, "box": [177.99999999999997, 209.99999999999997, 602.9999999999999, 611.9999999999999], "label": "UniversityName", "words": [{"box": [177.99999999999997, 209.99999999999997, 602.9999999999999, 611.9999999999999], "text": "Harvard"}], "linking": []}]}