{"form": [{"id": 1, "box": [109.00000000000003, 419.0, 26.000000000000004, 82.0], "label": "UniversityName", "words": [{"box": [109.00000000000003, 419.0, 26.000000000000004, 82.0], "text": "HARVARD"}], "linking": []}, {"id": 2, "box": [65.99999999999999, 174.0, 137.0, 265.0], "label": "UniversityLogo", "words": [{"box": [65.99999999999999, 174.0, 137.0, 265.0], "text": "a"}], "linking": []}, {"id": 3, "box": [265.99999999999994, 671.0, 243.00000000000003, 270.0], "label": "UniversityLogo", "words": [{"box": [265.99999999999994, 671.0, 243.00000000000003, 270.0], "text": "NATHANIEL CONSTANTINE"}], "linking": []}, {"id": 4, "box": [331.0, 557.0, 291.0, 311.0], "label": "CertificateCourse", "words": [{"box": [331.0, 557.0, 291.0, 311.0], "text": "Bachelor of Liberal Arts"}], "linking": []}, {"id": 5, "box": [407.0, 467.0, 369.0, 394.0], "label": "Day", "words": [{"box": [407.0, 467.0, 369.0, 394.0], "text": "fourth"}], "linking": []}, {"id": 6, "box": [523.0, 569.0, 370.00000000000006, 394.00000000000006], "label": "Month", "words": [{"box": [523.0, 569.0, 370.00000000000006, 394.00000000000006], "text": "June"}], "linking": []}, {"id": 7, "box": [787.0, 816.0, 371.99999999999994, 388.99999999999994], "label": "YearInWords", "words": [{"box": [787.0, 816.0, 371.99999999999994, 388.99999999999994], "text": "wo"}], "linking": []}, {"id": 8, "box": [91.99999999999999, 253.0, 403.0000000000001, 421.0000000000001], "label": "YearInWords", "words": [{"box": [91.99999999999999, 253.0, 403.0000000000001, 421.0000000000001], "text": "thousand and nine"}], "linking": []}, {"id": 9, "box": [529.0000000000001, 607.0000000000001, 139.0, 158.0], "label": "UniversityName", "words": [{"box": [529.0000000000001, 607.0000000000001, 139.0, 158.0], "text": "Harvard"}], "linking": []}, {"id": 10, "box": [321.0, 391.0, 401.0, 422.0], "label": "UniversityName", "words": [{"box": [321.0, 391.0, 401.0, 422.0], "text": "Harvard"}], "linking": []}]}