{"form": [{"id": 1, "box": [157.0, 347.0, 64.5, 134.5], "label": "UniversityLogo", "words": [{"box": [157.0, 347.0, 64.5, 134.5], "text": "Penn"}], "linking": []}, {"id": 2, "box": [254.5, 347.5, 139.0, 150.0], "label": "UniversityName", "words": [{"box": [254.5, 347.5, 139.0, 150.0], "text": "PENNSYLVANIA"}], "linking": []}, {"id": 3, "box": [72.0, 151.0, 63.5, 150.5], "label": "UniversityLogo", "words": [{"box": [72.0, 151.0, 63.5, 150.5], "text": "rs"}], "linking": []}, {"id": 4, "box": [71.50000000000001, 330.5, 261.0, 288.0], "label": "ParticipantName", "words": [{"box": [71.50000000000001, 330.5, 261.0, 288.0], "text": "Vedant Sachan"}], "linking": []}, {"id": 5, "box": [71.0, 141.0, 225.99999999999997, 240.99999999999997], "label": "Date", "words": [{"box": [71.0, 141.0, 225.99999999999997, 240.99999999999997], "text": "06/30/2019"}], "linking": []}, {"id": 6, "box": [71.99999999999999, 384.0, 347.5, 368.5], "label": "CertificateCourse", "words": [{"box": [71.99999999999999, 384.0, 347.5, 368.5], "text": "English for Career Development"}], "linking": []}, {"id": 7, "box": [360.99999999999994, 429.99999999999994, 384.0, 398.0], "label": "UniversityName", "words": [{"box": [360.99999999999994, 429.99999999999994, 384.0, 398.0], "text": "Pennsylvania"}], "linking": []}, {"id": 8, "box": [136.5, 199.5, 662.0, 675.0], "label": "UniversityName", "words": [{"box": [136.5, 199.5, 662.0, 675.0], "text": "Pennsylvania"}], "linking": []}]}