{"form": [{"id": 1, "box": [265.5, 360.5, 136.0, 150.0], "label": "UniversityName", "words": [{"box": [265.5, 360.5, 136.0, 150.0], "text": "PENNSYLVANIA"}], "linking": []}, {"id": 2, "box": [77.50000000000001, 159.5, 58.0, 148.0], "label": "UniversityLogo", "words": [{"box": [77.50000000000001, 159.5, 58.0, 148.0], "text": "&"}], "linking": []}, {"id": 3, "box": [77.49999999999999, 539.4999999999999, 259.0, 297.0], "label": "ParticipantName", "words": [{"box": [77.49999999999999, 539.4999999999999, 259.0, 297.0], "text": "Shakira I. Mebarak Ripoll"}], "linking": []}, {"id": 4, "box": [79.50000000000001, 532.5, 349.5, 370.5], "label": "CertificateCourse", "words": [{"box": [79.50000000000001, 532.5, 349.5, 370.5], "text": "Ancient Philosophy: Plato & His Predecessors"}], "linking": []}, {"id": 5, "box": [376.0, 445.0, 388.5, 401.5], "label": "UniversityName", "words": [{"box": [376.0, 445.0, 388.5, 401.5], "text": "Pennsylvania"}], "linking": []}, {"id": 6, "box": [75.99999999999999, 149.0, 226.5, 238.5], "label": "Date", "words": [{"box": [75.99999999999999, 149.0, 226.5, 238.5], "text": "oOa/22/2070"}], "linking": []}, {"id": 7, "box": [164.0, 360.0, 60.00000000000001, 132.0], "label": "UniversityLogo", "words": [{"box": [164.0, 360.0, 60.00000000000001, 132.0], "text": "Penn"}], "linking": []}]}