{"form": [{"id": 1, "box": [175.0, 277.0, 145.0, 163.0], "label": "ParticipantName", "words": [{"box": [175.0, 277.0, 145.0, 163.0], "text": "Emma Horgan"}], "linking": []}, {"id": 2, "box": [56.00000000000003, 397.0, 243.0, 289.0], "label": "CertificateCourse", "words": [{"box": [56.00000000000003, 397.0, 243.0, 289.0], "text": "iy LEADERS HIPANG WERE eoree"}], "linking": []}, {"id": 3, "box": [105.00000000000001, 173.0, 437.0, 445.0], "label": "Date", "words": [{"box": [105.00000000000001, 173.0, 437.0, 445.0], "text": "SPTi Math Y. poo?"}], "linking": []}, {"id": 4, "box": [342.99999999999994, 404.99999999999994, 451.9999999999999, 524.9999999999999], "label": "UniversityLogo", "words": [{"box": [342.99999999999994, 404.99999999999994, 451.9999999999999, 524.9999999999999], "text": "A"}], "linking": []}, {"id": 5, "box": [72.00000000000001, 139.0, 9.0, 24.0], "label": "UniversityName", "words": [{"box": [72.00000000000001, 139.0, 9.0, 24.0], "text": "Harvard"}], "linking": []}, {"id": 6, "box": [10.000000000000002, 53.0, 9.0, 59.0], "label": "UniversityLogo", "words": [{"box": [10.000000000000002, 53.0, 9.0, 59.0], "text": "oY"}], "linking": []}]}