{"form": [{"id": 1, "box": [161.99999999999997, 507.0, 43.49999999999999, 67.5], "label": "UniversityName", "words": [{"box": [161.99999999999997, 507.0, 43.49999999999999, 67.5], "text": "California Institute of Technology"}], "linking": []}, {"id": 2, "box": [278.5, 394.5, 149.0, 171.0], "label": "ParticipantName", "words": [{"box": [278.5, 394.5, 149.0, 171.0], "text": "John Doe"}], "linking": []}, {"id": 3, "box": [246.5, 425.5, 247.50000000000003, 269.5], "label": "CertificateCourse", "words": [{"box": [246.5, 425.5, 247.50000000000003, 269.5], "text": "Coding Bootcamp"}], "linking": []}, {"id": 4, "box": [67.0, 172.0, 377.0, 404.0], "label": "UniversityLogo", "words": [{"box": [67.0, 172.0, 377.0, 404.0], "text": "Caltech"}], "linking": []}, {"id": 5, "box": [433.99999999999994, 481.99999999999994, 411.5, 419.5], "label": "Date", "words": [{"box": [433.99999999999994, 481.99999999999994, 411.5, 419.5], "text": "semmary 4) le"}], "linking": []}, {"id": 6, "box": [433.99999999999994, 527.0, 401.00000000000006, 410.00000000000006], "label": "UniversityName", "words": [{"box": [433.99999999999994, 527.0, 401.00000000000006, 410.00000000000006], "text": "Caldtrrein Inwstate uf Techocteyy"}], "linking": []}]}