{"form": [{"id": 1, "box": [186.5, 444.5, 92.49999999999999, 188.5], "label": "UniversityLogo", "words": [{"box": [186.5, 444.5, 92.49999999999999, 188.5], "text": "Penn"}], "linking": []}, {"id": 2, "box": [316.0, 441.0, 194.0, 210.0], "label": "UniversityName", "words": [{"box": [316.0, 441.0, 194.0, 210.0], "text": "PENNSYLYARIA"}], "linking": []}, {"id": 3, "box": [71.0, 179.0, 91.50000000000001, 209.5], "label": "UniversityLogo", "words": [{"box": [71.0, 179.0, 91.50000000000001, 209.5], "text": "rs"}], "linking": []}, {"id": 4, "box": [70.5, 325.5, 307.0, 348.0], "label": "ParticipantName", "words": [{"box": [70.5, 325.5, 307.0, 348.0], "text": "Jane Learner"}], "linking": []}, {"id": 5, "box": [71.5, 180.5, 264.99999999999994, 287.99999999999994], "label": "Date", "words": [{"box": [71.5, 180.5, 264.99999999999994, 287.99999999999994], "text": "May 14, 2013"}], "linking": []}, {"id": 6, "box": [71.5, 464.5, 412.5, 451.5], "label": "CertificateCourse", "words": [{"box": [71.5, 464.5, 412.5, 451.5], "text": "My First Coursera Course"}], "linking": []}]}